"f1","f2","f3","f4","label"
19.19,16.68,1.72,192.86,"nope"
12.03,21.37,0.43,109.20,"nope"
13.79,16.06,1.04,232.79,"nope"
14.70,18.94,2.04,247.15,"nope"
13.79,18.73,1.14,169.94,"nope"
7.63,23.53,0.74,37.32,"nope"
10.52,23.47,1.38,78.17,"nope"
12.03,17.17,0.60,186.75,"nope"
11.39,20.79,1.49,104.10,"nope"
11.50,20.81,1.49,122.36,"nope"
13.10,18.32,1.51,173.22,"nope"
14.93,16.77,0.50,145.96,"nope"
14.82,20.67,1.03,135.53,"nope"
18.06,13.62,0.85,255.45,"nope"
11.67,21.08,1.76,72.08,"nope"
14.92,15.74,1.16,234.05,"nope"
45.82,14.61,0.18,410.31,"nope"
28.00,16.11,0.70,227.85,"nope"
14.21,14.66,0.78,226.15,"nope"
10.69,20.44,1.15,147.76,"nope"
14.39,24.60,1.26,55.31,"nope"
29.38,26.12,3.27,129.70,"nope"
37.09,25.75,2.88,196.12,"nope"
41.11,27.84,2.28,203.61,"nope"
41.69,29.01,3.34,484.93,"nope"
14.28,26.87,1.76,97.60,"nope"
16.90,28.06,1.39,73.32,"nope"
12.29,28.28,0.40,45.33,"nope"
9.28,28.79,0.61,37.45,"nope"
35.07,19.71,0.13,185.89,"nope"
30.57,20.46,1.42,176.10,"nope"
21.63,21.68,1.42,106.34,"nope"
16.94,21.39,0.94,122.00,"nope"
39.00,20.68,1.02,145.03,"nope"
28.58,21.12,2.91,112.64,"nope"
18.85,20.02,0.18,90.61,"nope"
17.83,20.92,0.30,87.77,"nope"
14.12,22.35,1.06,65.96,"nope"
12.32,22.60,0.43,56.46,"nope"
12.20,22.36,0.22,48.97,"nope"
9.79,23.30,0.86,44.84,"nope"
9.62,23.53,1.37,35.08,"nope"
79.56,21.54,0.86,404.02,"nope"
21.72,22.14,1.37,123.07,"nope"
19.36,21.18,1.72,96.48,"nope"
17.00,20.90,1.32,60.77,"nope"
13.49,20.73,0.72,63.24,"nope"
11.21,24.94,2.00,53.45,"nope"
8.79,25.25,0.62,42.20,"nope"
28.97,20.09,0.48,176.45,"nope"
19.05,19.68,0.92,94.29,"nope"
13.77,21.86,0.90,73.67,"nope"
11.73,24.46,1.53,61.34,"nope"
12.17,22.61,0.40,46.91,"nope"
10.30,25.48,0.82,37.52,"nope"
8.40,24.73,0.63,39.84,"nope"
8.44,27.00,0.67,39.66,"nope"
8.21,26.75,0.74,30.75,"nope"
8.23,27.83,1.44,25.65,"nope"
6.00,28.93,0.59,20.20,"nope"
7.06,28.64,0.15,44.91,"nope"
8.99,26.31,0.29,59.45,"nope"
7.66,27.64,0.86,45.43,"nope"
35.95,19.40,0.96,220.29,"nope"
14.30,20.80,0.55,73.40,"nope"
36.19,17.81,0.94,193.77,"nope"
17.10,22.54,2.46,72.69,"nope"
78.24,21.91,2.65,328.69,"nope"
27.87,20.77,0.41,154.73,"nope"
12.31,24.44,1.15,64.13,"nope"
25.45,20.43,1.21,151.53,"nope"
20.53,21.52,0.48,94.65,"nope"
12.83,22.82,0.44,66.36,"nope"
12.15,25.14,1.62,59.64,"nope"
35.94,20.73,0.98,177.53,"nope"
20.12,20.76,2.33,85.96,"nope"
15.22,21.03,1.97,80.89,"nope"
9.35,25.34,0.33,41.58,"nope"
8.45,26.76,0.56,41.19,"nope"
19.12,20.98,1.42,96.89,"nope"
12.89,23.37,1.14,45.95,"nope"
11.76,24.90,1.30,43.49,"nope"
9.34,24.09,0.62,34.36,"nope"
8.10,25.03,0.71,25.60,"nope"
7.02,25.13,1.02,38.52,"nope"
8.22,25.75,0.66,33.90,"nope"
13.03,21.81,2.95,48.89,"nope"
7.68,26.98,0.46,24.35,"nope"
7.61,28.00,0.74,22.84,"nope"
8.26,25.06,0.62,30.14,"nope"
8.12,23.70,1.37,51.15,"nope"
44.91,17.65,1.09,680.50,"nope"
20.32,16.26,0.60,251.42,"nope"
26.89,25.50,5.66,183.88,"nope"
53.20,14.81,2.54,919.09,"nope"
24.51,23.46,0.28,208.31,"nope"
21.23,26.07,1.97,109.88,"nope"
22.14,20.37,0.88,146.30,"nope"
13.34,21.71,0.87,55.69,"nope"
21.00,17.67,0.24,98.53,"nope"
30.68,17.63,0.93,333.07,"nope"
19.93,18.83,1.59,126.36,"nope"
31.30,24.77,0.91,177.64,"nope"
17.11,16.36,0.51,193.43,"nope"
11.80,22.80,1.08,59.95,"nope"
19.84,18.18,1.49,125.15,"nope"
25.46,23.10,2.09,182.86,"nope"
38.76,20.18,1.90,435.58,"nope"
33.13,19.67,0.12,160.39,"nope"
45.07,22.04,1.99,365.02,"nope"
19.83,27.28,1.82,136.99,"nope"
28.01,17.09,0.88,297.76,"nope"
267.83,32.42,34.02,717.16,"nope"
136.79,17.56,5.48,936.20,"nope"
17.93,18.34,1.57,148.06,"nope"
544.46,19.69,78.56,1535.21,"nope"
26.50,26.81,0.75,137.57,"nope"
14.18,22.66,0.55,61.53,"nope"
31.20,18.41,1.61,348.87,"nope"
14.83,18.63,1.45,101.10,"nope"
11.29,23.54,1.63,69.17,"nope"
20.30,24.83,1.53,160.89,"nope"
15.96,19.53,0.50,77.07,"nope"
11.51,23.51,0.42,63.64,"nope"
15.48,17.72,1.87,116.40,"nope"
11.72,22.76,0.56,73.63,"nope"
18.41,19.69,0.66,135.96,"nope"
62.90,27.51,3.27,278.49,"nope"
24.44,20.39,2.54,164.77,"nope"
33.98,17.14,1.21,515.18,"nope"
16.18,21.22,0.72,105.77,"nope"
34.50,21.32,0.71,177.26,"nope"
27.20,21.96,0.89,301.88,"nope"
49.95,22.23,4.50,232.42,"nope"
18.46,25.86,1.99,64.85,"nope"
20.84,25.38,1.13,75.87,"nope"
12.48,26.05,1.31,43.96,"nope"
152.46,15.65,3.70,834.14,"nope"
56.23,17.29,1.89,261.62,"nope"
29.11,14.78,0.54,203.04,"nope"
548.77,32.98,60.99,1066.58,"nope"
52.17,24.05,1.75,163.51,"nope"
11.61,26.00,1.41,44.60,"nope"
14.54,24.99,3.33,96.61,"nope"
22.63,22.58,1.51,164.05,"nope"
23.90,23.09,1.38,166.49,"nope"
22.77,24.18,2.51,138.02,"nope"
19.95,23.57,2.13,108.85,"nope"
16.09,19.84,1.14,138.52,"nope"
13.42,18.65,0.40,98.56,"nope"
96.09,26.90,5.12,1029.52,"nope"
14.84,26.46,3.41,64.46,"nope"
49.20,24.50,0.80,647.93,"nope"
33.77,23.74,1.49,188.77,"nope"
18.84,20.08,1.21,149.59,"nope"
32.27,18.16,1.96,258.39,"nope"
24.93,18.77,1.28,268.65,"nope"
31.29,19.15,1.73,237.28,"nope"
13.78,24.12,0.93,76.83,"nope"
24.23,18.70,0.55,149.45,"nope"
14.50,22.37,0.48,95.80,"nope"
33.14,19.69,0.77,213.35,"nope"
24.03,23.82,1.71,147.60,"nope"
26.47,23.74,0.53,128.99,"nope"
30.45,20.97,1.55,217.75,"nope"
20.20,22.04,1.55,86.46,"nope"
348.41,21.58,57.79,1288.79,"nope"
214.98,30.32,57.06,584.29,"nope"
73.27,19.98,0.97,341.53,"nope"
290.98,28.01,11.83,1180.48,"nope"
30.22,22.48,0.79,158.68,"nope"
25.56,24.24,0.81,151.33,"nope"
63.18,23.35,2.34,221.53,"nope"
24.30,25.05,2.73,119.55,"nope"
28.63,25.19,1.85,323.77,"nope"
19.21,18.93,1.21,115.59,"nope"
19.83,20.74,2.54,90.06,"nope"
27.80,16.02,1.19,186.14,"nope"
20.66,17.97,0.95,122.25,"nope"
44.23,16.05,1.92,306.05,"nope"
23.66,19.29,2.15,168.91,"nope"
30.04,12.11,1.32,434.20,"nope"
18.56,17.25,1.05,128.03,"nope"
29.35,19.10,0.46,210.94,"nope"
20.23,24.60,0.98,105.87,"nope"
21.03,19.15,0.23,156.46,"nope"
17.76,16.78,1.36,190.60,"nope"
16.09,21.16,1.79,95.32,"nope"
25.58,21.88,5.43,230.08,"nope"
32.54,20.94,2.79,307.49,"nope"
16.15,19.49,1.08,201.93,"nope"
26.75,15.75,0.83,357.92,"nope"
17.15,19.68,1.29,104.03,"nope"
28.61,20.74,0.45,236.03,"nope"
24.39,19.52,2.24,130.99,"nope"
23.27,21.64,2.27,156.25,"nope"
18.53,23.98,0.87,102.36,"nope"
11.13,23.76,1.88,103.60,"nope"
17.85,18.92,0.59,112.62,"nope"
15.27,18.90,0.53,122.34,"nope"
12.44,19.52,1.47,210.47,"nope"
20.53,21.86,0.63,129.21,"nope"
19.82,23.82,0.45,94.81,"nope"
19.41,25.51,1.46,99.66,"nope"
15.84,21.72,0.32,101.97,"nope"
10.34,23.69,0.67,109.82,"nope"
14.66,21.50,1.81,183.91,"nope"
11.17,20.79,0.61,89.47,"nope"
16.76,19.64,1.52,116.59,"nope"
20.84,22.92,2.20,116.28,"nope"
26.04,20.06,0.76,188.66,"nope"
12.45,21.25,2.16,66.11,"nope"
10.42,25.37,1.66,49.02,"nope"
323.10,35.39,101.55,709.50,"nope"
46.05,13.35,0.71,679.52,"nope"
5.29,21.28,0.25,59.49,"nope"
72.60,35.57,11.53,212.69,"nope"
140.06,10.63,0.66,2269.66,"nope"
174.10,14.22,15.81,1876.59,"nope"
154.69,15.41,16.86,1776.46,"nope"
147.59,14.88,20.83,1642.83,"nope"
321.13,11.33,3.62,5107.79,"nope"
196.11,12.47,23.07,3244.11,"nope"
227.44,11.44,15.74,4601.17,"nope"
101.50,10.57,1.76,1672.79,"nope"
106.79,10.10,1.42,1618.79,"nope"
268.23,8.69,0.38,5359.60,"nope"
299.10,10.06,3.67,5221.36,"nope"
144.07,7.65,0.69,3154.55,"nope"
299.65,10.25,7.93,5807.57,"nope"
251.23,11.05,23.39,5013.37,"nope"
135.58,9.19,10.76,4167.98,"nope"
41.99,13.41,2.07,409.58,"nope"
17.89,15.58,1.09,247.91,"nope"
33.84,14.05,1.03,326.16,"nope"
35.53,18.72,1.95,222.44,"nope"
19.32,16.74,1.43,145.79,"nope"
13.70,18.45,0.83,171.11,"nope"
24.83,22.33,1.51,160.80,"nope"
19.61,22.52,0.88,173.20,"nope"
8.74,24.73,1.27,57.63,"nope"
15.53,22.34,0.69,120.36,"nope"
16.51,22.17,2.07,147.03,"nope"
17.39,20.93,0.34,137.01,"nope"
18.38,17.88,2.38,154.07,"nope"
13.47,22.79,0.86,128.71,"nope"
18.32,20.36,1.64,137.81,"nope"
20.61,20.27,1.28,177.64,"nope"
17.79,18.75,1.59,146.28,"nope"
13.56,18.95,1.19,200.06,"nope"
25.21,16.74,0.55,154.90,"nope"
26.40,13.83,1.55,364.84,"nope"
208.92,9.66,16.09,5384.74,"nope"
13.52,17.63,0.99,126.00,"nope"
27.11,19.90,1.81,223.07,"nope"
86.05,8.72,1.49,2213.53,"nope"
23.96,20.92,1.54,169.50,"nope"
34.80,11.97,0.30,447.75,"nope"
22.34,14.25,1.13,288.52,"nope"
17.92,21.84,1.29,110.89,"nope"
38.81,13.14,2.03,700.81,"nope"
29.24,15.57,2.58,265.59,"nope"
388.87,10.20,11.31,6293.37,"nope"
539.22,10.15,21.04,7106.90,"nope"
67.40,10.36,2.53,1011.99,"nope"
102.37,10.34,1.08,1456.36,"nope"
281.99,12.79,14.22,3089.31,"nope"
389.04,13.95,27.47,3847.69,"blow"
1370.68,16.90,47.80,9605.51,"blow"
1811.73,19.16,192.94,10280.77,"blow"
703.33,17.21,25.71,7080.23,"blow"
1551.03,21.34,46.43,11073.12,"blow"
554.02,24.20,110.26,2144.04,"blow"
1394.63,22.17,49.99,6574.23,"blow"
1070.65,21.35,35.70,5465.16,"blow"
1568.57,21.71,220.88,10567.97,"blow"
1341.78,22.82,160.21,7019.47,"blow"
1600.09,23.08,209.20,6919.35,"blow"
2039.85,22.44,90.74,10912.89,"blow"
1594.91,22.13,103.80,9050.94,"blow"
1626.66,24.27,268.97,7017.16,"blow"
1979.15,18.63,55.44,14669.40,"blow"
2391.27,22.97,295.42,12795.90,"blow"
2467.99,24.60,126.09,11222.95,"blow"
2219.63,19.88,58.58,12076.88,"blow"
1949.30,22.51,100.31,10235.18,"blow"
2243.40,19.93,87.39,12470.81,"blow"
2077.83,22.22,411.49,13261.79,"blow"
2425.85,24.51,164.05,10615.21,"blow"
2212.23,24.13,256.91,8393.91,"blow"
2491.07,23.31,37.31,10298.12,"blow"
2215.66,23.18,192.02,13438.45,"blow"
280.46,11.57,12.51,3753.17,"nope"
247.45,10.03,5.73,3622.70,"nope"
267.34,8.45,7.56,5311.03,"nope"
393.61,10.08,8.82,6529.07,"nope"
420.34,10.35,10.64,6092.60,"nope"
383.46,10.01,12.57,5899.95,"nope"
193.25,9.30,5.20,2649.57,"nope"
199.55,9.97,5.11,3288.98,"nope"
359.12,10.67,5.93,6038.76,"nope"
316.09,11.22,12.54,4670.44,"nope"
160.43,8.54,3.17,2573.18,"nope"
399.08,9.83,4.03,6426.60,"nope"
199.71,9.61,5.70,3307.23,"nope"
334.94,10.83,5.47,4968.97,"nope"
194.58,8.68,6.43,3326.89,"nope"
305.79,9.34,0.90,4992.86,"nope"
327.04,10.93,2.72,5481.08,"nope"
153.72,10.04,3.87,2421.29,"nope"
294.66,9.62,13.91,4918.05,"nope"
363.90,10.79,10.51,6167.14,"nope"
272.34,9.19,4.37,4759.52,"nope"
178.92,8.65,3.35,3714.95,"nope"
229.84,8.86,2.73,3622.53,"nope"
336.14,9.53,8.21,5853.72,"nope"
362.89,10.43,1.39,6135.19,"nope"
369.28,9.80,7.76,6476.27,"nope"
353.28,10.97,2.93,6082.94,"nope"
873.49,12.28,36.72,12614.54,"blow"
1758.65,16.86,61.15,14274.32,"blow"
1672.03,28.21,92.28,4693.09,"blow"
2017.77,21.77,37.50,9942.05,"blow"
1559.94,22.35,194.98,8168.33,"blow"
2308.29,25.00,178.39,9468.21,"blow"
1784.56,21.68,110.71,6621.41,"blow"
1962.87,25.79,474.08,6383.25,"blow"
2221.90,21.88,228.06,11554.05,"blow"
1389.10,20.21,112.31,8784.02,"blow"
2226.03,21.65,52.07,8240.28,"blow"
1891.84,21.54,24.53,9139.52,"blow"
1719.08,23.80,117.76,6206.89,"blow"
2048.03,21.70,269.11,9914.93,"blow"
1922.93,23.70,67.62,7429.01,"blow"
2139.61,19.84,257.00,9698.97,"blow"
1836.55,18.85,57.54,12051.59,"blow"
2201.67,22.59,213.70,16080.67,"blow"
1758.53,19.26,235.27,11057.94,"blow"
2271.37,20.90,100.25,13813.84,"blow"
2423.91,23.06,90.67,9443.31,"blow"
273.57,8.45,6.64,4840.37,"nope"
323.23,10.22,10.41,5782.37,"nope"
316.35,10.31,3.14,6041.99,"nope"
269.46,10.45,16.59,5127.12,"nope"
220.02,8.00,2.73,5483.94,"nope"
263.29,8.12,4.29,5645.08,"nope"
185.84,7.81,3.90,4608.26,"nope"
261.06,9.21,6.14,5451.21,"nope"
1889.35,22.49,101.56,11093.10,"blow"
1940.53,25.28,213.85,8136.77,"blow"
2370.18,22.66,272.10,9210.00,"blow"
1853.40,28.37,125.33,6356.34,"blow"
1845.35,24.75,215.96,12582.67,"blow"
2010.48,24.19,252.68,7889.89,"blow"
2384.12,22.88,215.21,14000.75,"blow"
2079.65,20.43,235.90,12583.83,"blow"
2173.10,21.57,78.98,13593.50,"blow"
1897.16,20.15,194.68,17799.71,"blow"
2471.43,25.26,476.83,9325.53,"blow"
2337.91,24.19,422.49,8300.56,"blow"
2284.74,21.37,150.01,10777.35,"blow"
1966.20,19.55,147.93,13777.12,"blow"
303.82,9.87,7.78,5252.22,"nope"
155.53,8.84,1.17,2845.63,"nope"
176.29,10.07,8.79,3216.78,"nope"
182.78,7.92,2.22,4377.59,"nope"
236.02,8.58,4.38,5287.21,"nope"
265.03,8.97,2.89,4932.17,"nope"
390.10,10.18,10.42,5526.08,"nope"
243.48,9.56,1.97,3163.69,"nope"
343.26,11.59,10.73,4274.02,"nope"
264.65,9.23,9.23,5271.75,"nope"
116.05,9.76,3.73,2214.82,"nope"
57.98,17.16,0.36,776.03,"nope"
39.69,18.45,9.44,290.17,"nope"
47.18,21.38,17.38,209.73,"nope"
180.84,12.74,18.11,3014.18,"nope"
221.15,11.52,4.69,3722.66,"nope"
296.24,9.86,1.83,3695.10,"nope"
323.56,10.73,13.28,4470.10,"nope"
235.16,11.52,20.33,3446.97,"nope"
57.69,14.77,7.76,721.05,"nope"
13.51,22.01,2.52,52.44,"nope"
382.33,24.16,46.36,3566.13,"nope"
32.24,21.04,0.44,215.75,"nope"
32.18,22.06,2.97,186.50,"nope"
11.33,21.95,0.74,58.09,"nope"
11.73,23.64,1.48,69.03,"nope"
16.01,17.77,1.78,246.41,"nope"
65.69,21.72,4.80,270.70,"nope"
23.30,16.48,0.85,148.46,"nope"
12.79,20.55,1.54,87.71,"nope"
11.01,20.22,0.60,109.86,"nope"
26.97,17.28,0.37,313.88,"nope"
18.98,17.97,0.88,264.20,"nope"
38.10,18.50,0.91,494.22,"nope"
20.97,17.14,2.06,303.30,"nope"
16.09,17.64,0.91,206.99,"nope"
30.58,14.79,0.63,361.79,"nope"
20.48,15.93,0.71,152.32,"nope"
24.02,20.21,0.61,193.00,"nope"
17.64,18.15,1.23,136.36,"nope"
16.93,19.39,0.77,142.22,"nope"
25.69,19.82,1.64,207.47,"nope"
26.42,15.17,1.69,236.16,"nope"
20.17,13.51,1.09,279.71,"nope"
35.37,19.79,1.96,258.53,"nope"
16.84,17.99,0.82,103.99,"nope"
11.58,20.64,0.75,51.84,"nope"
26.75,14.98,0.75,189.03,"nope"
30.29,18.22,0.53,288.80,"nope"
15.13,19.84,0.87,100.00,"nope"
11.63,19.16,0.64,78.19,"nope"
40.46,14.96,0.90,236.12,"nope"
40.29,16.55,0.14,239.49,"nope"
15.39,18.61,0.71,149.50,"nope"
18.32,16.24,1.40,145.04,"nope"
30.40,16.00,1.17,336.50,"nope"
24.06,17.30,1.20,185.85,"nope"
29.82,18.76,1.96,212.50,"nope"
36.86,15.71,2.15,524.90,"nope"
26.01,12.73,0.12,392.70,"nope"
31.84,18.38,2.81,180.44,"nope"
25.57,19.27,0.38,221.54,"nope"
13.03,18.16,0.47,202.32,"nope"
23.52,15.81,1.21,159.28,"nope"
27.96,14.34,0.13,277.05,"nope"
10.19,22.72,1.21,80.53,"nope"
16.74,23.29,1.10,121.18,"nope"
14.99,22.12,1.14,139.59,"nope"
14.77,20.90,0.79,60.96,"nope"
28.57,17.24,0.45,254.81,"nope"
25.28,19.54,1.89,222.31,"nope"
33.89,19.93,2.26,205.30,"nope"
18.23,20.82,0.57,89.68,"nope"
31.92,20.87,3.08,440.72,"nope"
22.75,18.48,2.63,139.70,"nope"
14.43,21.46,1.26,82.12,"nope"
20.60,16.46,0.55,181.95,"nope"
20.92,17.58,1.08,137.94,"nope"
17.88,17.04,1.14,172.97,"nope"
15.07,19.48,1.84,182.40,"nope"
27.71,16.88,1.31,258.43,"nope"
31.96,24.11,1.89,188.85,"nope"
26.96,20.91,3.20,134.33,"nope"
15.15,19.27,1.37,128.13,"nope"
16.41,17.86,1.90,137.47,"nope"
30.73,24.06,3.21,232.49,"nope"
27.90,19.23,1.33,155.78,"nope"
11.90,22.34,1.29,109.61,"nope"
9.08,22.11,0.09,64.21,"nope"
15.49,17.10,1.09,142.71,"nope"
22.00,16.91,0.58,146.15,"nope"
24.12,21.25,2.74,158.74,"nope"
15.74,19.25,0.66,103.12,"nope"
21.54,15.30,0.98,163.66,"nope"
20.79,17.40,1.12,154.07,"nope"
23.79,16.82,0.20,233.79,"nope"
16.81,15.08,0.61,142.28,"nope"
14.11,18.04,0.71,164.67,"nope"
41.15,15.44,0.68,385.53,"nope"
30.13,18.80,0.69,186.48,"nope"
31.50,16.04,1.03,273.57,"nope"
27.53,14.26,1.16,229.44,"nope"
20.62,13.98,1.05,338.88,"nope"
24.34,15.96,0.83,259.01,"nope"
14.32,17.03,1.89,147.11,"nope"
36.72,19.85,0.95,208.12,"nope"
29.96,20.12,0.16,234.41,"nope"
30.52,18.81,1.59,223.73,"nope"
8.66,24.58,0.53,42.59,"nope"
21.59,18.81,1.55,169.15,"nope"
33.92,20.10,2.22,469.91,"nope"
27.37,20.08,2.74,207.89,"nope"
17.97,19.04,0.61,130.26,"nope"
15.28,24.30,0.70,123.01,"nope"
22.27,26.17,3.87,118.62,"nope"
20.91,25.31,0.43,88.72,"nope"
21.03,18.67,0.90,180.10,"nope"
20.82,21.84,3.09,121.17,"nope"
13.75,18.65,1.08,98.18,"nope"
36.86,20.81,1.48,268.83,"nope"
18.34,18.99,0.37,128.22,"nope"
8.98,21.78,0.77,57.56,"nope"
18.42,16.54,0.84,184.23,"nope"
17.20,16.13,2.07,217.23,"nope"
26.52,17.12,1.82,246.29,"nope"
36.32,14.06,1.30,657.80,"nope"
19.75,15.19,1.80,181.97,"nope"
21.03,15.17,0.90,354.68,"nope"
19.10,13.96,0.12,280.24,"nope"
17.85,15.55,0.37,240.21,"nope"
31.31,12.24,0.44,381.07,"nope"
25.83,13.49,0.57,372.13,"nope"
19.09,17.19,1.08,146.79,"nope"
28.60,14.23,0.43,244.44,"nope"
31.02,16.58,0.71,214.53,"nope"
52.45,10.74,2.16,935.89,"nope"
14.36,16.88,1.09,203.42,"nope"
12.64,19.96,1.16,96.01,"nope"
24.73,17.69,1.08,210.84,"nope"
14.30,16.96,0.40,163.12,"nope"
15.73,17.10,0.46,187.48,"nope"
18.93,15.83,1.20,352.28,"nope"
18.06,15.47,0.83,172.53,"nope"
19.15,16.04,0.51,151.70,"nope"
24.34,17.83,1.99,219.29,"nope"
32.61,16.92,2.64,194.05,"nope"
35.95,14.18,0.89,442.18,"nope"
39.45,18.08,2.29,348.41,"nope"
20.86,14.29,1.19,227.21,"nope"
32.35,10.23,0.69,482.28,"nope"
24.12,14.19,0.80,369.01,"nope"
23.38,12.61,0.89,267.90,"nope"
30.97,13.52,1.49,235.02,"nope"
25.20,15.16,2.23,303.56,"nope"
36.92,15.03,1.14,389.10,"nope"
35.96,14.10,1.82,440.60,"nope"
23.80,15.64,1.07,190.82,"nope"
27.09,14.22,0.90,184.32,"nope"
22.76,18.81,1.31,113.57,"nope"
24.91,13.94,0.47,259.06,"nope"
51.34,10.68,1.44,819.74,"nope"
20.97,13.41,0.87,428.11,"nope"
44.67,10.14,0.63,920.29,"nope"
52.39,10.51,0.48,647.39,"nope"
27.36,12.62,1.25,402.84,"nope"
12.25,20.29,0.28,91.89,"nope"
9.61,18.75,0.60,118.90,"nope"
14.02,18.25,0.78,154.04,"nope"
18.63,16.77,1.40,143.25,"nope"
17.07,17.26,0.91,126.40,"nope"
9.18,21.12,0.79,55.55,"nope"
15.48,19.31,1.08,79.66,"nope"
10.14,21.09,1.17,78.60,"nope"
13.76,20.16,1.83,95.45,"nope"
17.81,17.48,0.64,176.20,"nope"
20.11,17.56,0.97,145.04,"nope"
20.41,17.61,0.26,137.16,"nope"
21.00,17.75,0.43,131.58,"nope"
21.78,18.60,2.31,186.43,"nope"
22.55,17.51,1.10,112.70,"nope"
21.11,17.77,2.25,208.97,"nope"
36.09,14.79,1.18,276.44,"nope"
38.28,18.24,1.28,192.72,"nope"
43.57,16.12,1.79,364.59,"nope"
30.42,19.22,2.60,176.77,"nope"
27.31,20.48,2.49,197.01,"nope"
25.11,22.25,1.86,182.40,"nope"
29.10,22.69,1.33,183.42,"nope"
24.21,22.01,1.05,187.26,"nope"
25.71,17.81,1.21,252.46,"nope"
26.42,18.34,1.04,269.42,"nope"
31.26,16.64,1.72,367.88,"nope"
22.93,16.80,1.23,214.16,"nope"
26.31,16.44,1.19,222.33,"nope"
27.68,15.54,0.83,346.78,"nope"
27.26,18.18,1.24,340.49,"nope"
17.07,19.02,1.26,174.16,"nope"
14.27,20.20,1.12,165.37,"nope"
12.02,24.43,1.26,131.84,"nope"
28.02,24.54,1.02,176.33,"nope"
17.90,20.83,1.08,116.00,"nope"
26.68,26.55,0.59,150.32,"nope"
22.74,25.84,2.54,156.17,"nope"
12.26,20.96,2.11,82.15,"nope"
10.10,24.01,0.82,78.64,"nope"
11.22,26.04,0.46,52.60,"nope"
29.65,21.97,1.30,234.48,"nope"
14.02,19.45,0.33,82.06,"nope"
12.15,20.67,0.37,64.52,"nope"
13.66,20.24,1.30,60.11,"nope"
22.07,20.17,0.98,236.49,"nope"
14.73,22.80,1.23,89.50,"nope"
22.15,17.31,1.36,194.39,"nope"
16.86,15.18,0.72,182.86,"nope"
12.32,21.50,1.33,62.12,"nope"
16.04,16.55,0.89,136.33,"nope"
29.51,19.85,1.32,182.63,"nope"
25.45,23.58,2.11,214.88,"nope"
24.76,18.11,0.32,164.53,"nope"
13.56,19.12,0.21,95.63,"nope"
11.94,21.40,0.97,108.07,"nope"
13.76,17.38,2.09,189.68,"nope"
34.63,19.64,3.59,205.76,"nope"
16.43,19.91,2.12,131.39,"nope"
27.45,21.28,1.84,200.03,"nope"
13.61,21.96,0.53,70.52,"nope"
20.14,19.09,1.99,98.94,"nope"
27.99,26.41,3.14,140.52,"nope"
25.79,22.07,1.48,136.35,"nope"
13.00,20.58,0.57,113.21,"nope"
9.53,23.97,0.59,58.76,"nope"
21.02,26.48,1.06,157.44,"nope"
23.96,24.46,1.38,198.29,"nope"
18.86,20.45,1.86,253.08,"nope"
9.40,23.15,0.64,74.54,"nope"
26.14,27.11,4.32,113.51,"nope"
15.83,20.00,0.45,140.00,"nope"
26.76,18.35,0.76,293.93,"nope"
10.57,21.94,1.20,91.03,"nope"
22.39,21.52,0.40,92.88,"nope"
25.13,22.03,1.26,151.34,"nope"
10.86,21.98,0.40,41.26,"nope"
12.26,24.98,1.22,61.59,"nope"
43.84,16.53,0.15,588.48,"nope"
29.16,17.59,0.93,300.04,"nope"
14.99,19.71,0.19,108.85,"nope"
33.41,21.65,0.41,296.73,"nope"
13.78,21.39,1.17,96.60,"nope"
24.59,24.59,1.98,222.46,"nope"
19.43,21.68,0.66,196.52,"nope"
14.56,25.44,1.18,71.78,"nope"
13.65,20.61,0.45,80.46,"nope"
25.71,24.02,0.72,229.16,"nope"
14.71,21.67,1.32,143.75,"nope"
26.19,15.85,1.08,331.42,"nope"
46.94,19.35,0.84,320.50,"nope"
32.57,19.26,1.49,281.21,"nope"
16.01,20.92,0.64,128.98,"nope"
34.92,20.00,1.81,371.37,"nope"
22.40,17.16,0.48,201.49,"nope"
22.89,17.27,0.84,283.23,"nope"
34.39,20.57,2.49,175.83,"nope"
18.16,19.98,1.33,136.25,"nope"
12.79,22.08,1.19,70.64,"nope"
15.69,20.08,1.25,155.05,"nope"
37.01,22.56,0.35,289.73,"nope"
29.79,30.36,1.38,102.94,"nope"
20.09,25.36,1.51,98.02,"nope"
33.62,22.93,2.67,243.52,"nope"
28.27,16.66,2.11,288.46,"nope"
21.89,18.22,0.74,211.98,"nope"
34.25,26.40,1.96,214.64,"nope"
14.80,26.63,0.88,61.74,"nope"
26.71,28.64,0.29,119.26,"nope"
32.14,24.51,0.91,219.76,"nope"
31.11,13.16,0.77,360.79,"nope"
17.84,15.48,0.58,309.13,"nope"
13.27,20.75,0.97,117.59,"nope"
69.13,18.84,2.84,445.84,"nope"
42.53,24.42,4.84,369.85,"nope"
34.22,24.17,1.16,151.06,"nope"
610.10,33.29,117.40,1570.87,"nope"
56.72,15.34,1.84,577.38,"nope"
78.34,13.50,2.21,1231.77,"nope"
25.47,11.67,1.36,624.65,"nope"
273.85,19.52,13.58,2395.48,"nope"
128.24,25.72,7.42,714.73,"nope"
61.05,20.48,6.35,392.58,"nope"
28.85,22.84,1.13,214.47,"nope"
39.47,22.27,1.01,460.70,"nope"
33.23,22.04,0.91,173.82,"nope"
25.31,19.63,1.19,224.44,"nope"
14.89,18.22,1.38,139.97,"nope"
23.77,25.95,1.36,211.65,"nope"
34.85,21.16,3.09,208.08,"nope"
376.26,30.91,47.32,1457.45,"nope"
37.01,17.63,0.63,203.56,"nope"
10.23,22.02,1.20,58.39,"nope"
31.43,15.70,0.78,333.53,"nope"
12.82,20.32,0.86,102.72,"nope"
18.84,24.69,1.80,151.05,"nope"
14.69,19.33,1.99,96.48,"nope"
16.02,23.76,1.68,69.78,"nope"
26.23,19.18,1.23,353.79,"nope"
18.49,19.03,0.82,294.86,"nope"
24.52,18.48,1.57,273.74,"nope"
15.88,24.47,1.93,112.87,"nope"
13.76,20.07,0.59,118.12,"nope"
12.67,24.07,0.99,55.60,"nope"
30.85,26.28,9.36,123.85,"nope"
14.11,20.50,1.53,169.66,"nope"
20.19,15.93,1.44,192.77,"nope"
15.70,17.21,0.57,161.25,"nope"
28.86,18.16,1.85,356.64,"nope"
18.85,16.89,0.93,137.12,"nope"
21.08,14.07,0.47,222.78,"nope"
19.66,22.18,0.83,158.78,"nope"
23.20,19.81,1.87,224.27,"nope"
18.34,16.65,0.84,229.42,"nope"
25.79,16.48,0.54,277.07,"nope"
30.78,16.47,1.15,457.58,"nope"
17.04,22.10,0.84,141.30,"nope"
15.49,19.42,0.45,236.45,"nope"
12.38,19.57,0.81,181.89,"nope"
22.68,23.01,2.01,129.37,"nope"
20.52,18.28,1.27,160.65,"nope"
14.00,20.91,1.97,98.21,"nope"
25.58,18.60,0.52,190.40,"nope"
13.51,21.12,0.59,111.61,"nope"
12.62,22.01,0.21,64.17,"nope"
23.72,20.49,0.55,194.65,"nope"
19.98,17.76,0.27,198.29,"nope"
52.26,11.82,1.72,885.06,"blow"
1045.81,10.79,29.06,10828.96,"blow"
1537.57,15.14,77.75,11103.54,"blow"
1838.95,19.33,101.92,12434.31,"blow"
1878.17,23.21,188.79,9660.59,"blow"
1826.45,25.97,233.47,6409.11,"blow"
1847.58,19.03,163.42,15794.28,"blow"
2069.59,21.85,189.79,10684.29,"blow"
1837.04,19.94,70.38,12303.43,"blow"
1951.16,22.69,197.23,8866.96,"blow"
1673.93,18.99,12.71,14703.30,"blow"
1679.23,18.78,49.97,9696.68,"blow"
1896.30,20.79,105.28,8940.17,"blow"
2102.26,21.57,182.46,9130.35,"blow"
1993.62,21.43,107.84,9264.28,"blow"
2069.12,20.46,219.41,11191.30,"blow"
1991.87,19.45,230.96,13553.31,"blow"
1761.84,20.07,38.47,12322.17,"blow"
2112.62,21.86,136.35,9200.17,"blow"
1741.32,20.05,208.33,13428.63,"blow"
1386.41,18.84,111.04,8427.53,"blow"
9.77,24.53,2.12,57.27,"nope"
11.15,21.46,0.86,95.27,"nope"
18.46,20.52,1.41,151.36,"nope"
27.43,13.96,1.72,397.06,"nope"
20.05,22.11,0.49,116.44,"nope"
26.73,17.20,1.26,187.37,"nope"
24.34,16.35,0.40,279.18,"nope"
22.61,22.96,1.54,175.87,"nope"
11.24,20.95,0.85,101.47,"nope"
20.31,21.67,1.10,183.15,"nope"
21.08,20.08,1.74,161.96,"nope"
11.09,24.42,1.31,67.59,"nope"
19.49,22.31,1.80,190.62,"nope"
19.36,26.57,1.17,113.93,"nope"
25.61,21.51,0.90,251.85,"nope"
18.23,19.04,0.94,157.14,"nope"
24.81,17.16,0.76,240.10,"nope"
11.42,22.19,0.64,82.77,"nope"
27.35,16.58,0.71,308.45,"nope"
451.14,12.68,12.12,4966.18,"blow"
1397.96,17.06,146.89,10561.35,"blow"
903.40,14.28,27.53,5387.25,"blow"
1149.02,14.58,20.56,10902.24,"blow"
856.48,14.41,7.61,7762.71,"blow"
994.25,18.53,6.78,8353.81,"blow"
1409.66,14.97,67.97,9367.25,"blow"
1172.63,16.25,27.42,7056.12,"blow"
965.45,14.88,5.31,7050.10,"blow"
1219.05,15.18,81.67,12302.32,"blow"
955.50,15.98,22.19,5561.44,"blow"
939.52,15.63,37.98,8214.18,"blow"
1018.90,15.27,69.04,8043.87,"blow"
1259.67,16.17,52.29,7272.83,"blow"
1166.69,15.01,43.29,11587.08,"blow"
1166.45,15.48,62.31,9357.82,"blow"
868.32,15.48,11.51,8262.83,"blow"
1016.17,16.44,62.41,5660.81,"blow"
1178.57,16.94,31.64,6719.62,"blow"
1379.05,18.62,51.33,10940.43,"blow"
1342.43,18.84,83.98,12469.36,"blow"
1313.09,16.67,101.29,9589.46,"blow"
1786.83,19.24,213.70,8287.36,"blow"
1419.99,17.38,61.55,10208.59,"blow"
1604.15,16.50,106.78,12531.21,"blow"
1646.40,21.35,122.45,7053.50,"blow"
1640.26,20.19,183.42,9889.00,"blow"
1642.02,19.17,143.47,7985.37,"blow"
1734.18,19.76,164.83,7602.92,"blow"
1505.82,23.16,195.00,4529.24,"blow"
1588.76,19.20,129.33,11566.36,"blow"
1801.35,23.34,295.92,7916.62,"blow"
1830.14,21.45,157.38,12524.67,"blow"
1780.79,21.11,209.59,13583.14,"blow"
1875.06,21.87,40.88,10326.39,"blow"
1857.37,25.26,203.15,5421.28,"blow"
1366.87,20.89,94.25,8418.99,"blow"
1673.94,19.30,155.90,12615.83,"blow"
1906.43,23.90,135.03,7727.91,"blow"
1816.43,21.74,239.44,9544.68,"blow"
1995.67,21.97,15.58,8822.50,"blow"
10.84,24.49,1.03,46.12,"nope"
16.90,17.42,1.06,196.08,"nope"
19.41,16.18,0.33,284.51,"nope"
20.24,15.87,0.56,197.79,"nope"
23.20,17.75,0.79,233.03,"nope"
18.68,17.77,1.46,206.59,"nope"
19.43,17.48,1.47,155.65,"nope"
25.46,14.82,2.09,388.77,"nope"
24.45,13.10,1.03,480.70,"nope"
21.61,14.41,0.22,399.79,"nope"
22.29,12.25,0.28,420.05,"nope"
21.51,13.79,0.63,315.29,"nope"
12.99,22.21,1.04,62.09,"nope"
15.52,18.83,1.75,142.24,"nope"
14.73,18.01,1.29,178.61,"nope"
28.81,17.88,0.78,243.86,"nope"
23.41,16.20,0.24,244.25,"nope"
16.89,17.43,1.01,227.59,"nope"
14.63,21.24,0.88,94.32,"nope"
17.28,19.69,2.89,140.55,"nope"
21.63,17.16,1.04,376.71,"nope"
21.05,17.46,1.14,218.78,"nope"
24.55,14.08,1.15,385.20,"nope"
19.39,14.05,0.54,367.38,"nope"
25.53,17.48,0.53,312.46,"nope"
31.86,14.38,1.21,557.02,"nope"
26.92,13.09,1.10,549.67,"nope"
27.02,14.26,1.03,545.56,"nope"
32.30,13.17,1.17,717.61,"nope"
20.78,26.88,2.11,109.89,"nope"
17.37,19.49,0.40,124.32,"nope"
19.47,19.99,2.31,214.10,"nope"
22.37,18.29,1.13,180.04,"nope"
18.44,23.17,0.42,89.34,"nope"
17.80,20.57,0.83,118.34,"nope"
13.65,20.67,0.59,161.41,"nope"
7.39,28.71,1.01,32.34,"nope"
7.27,28.63,0.74,26.04,"nope"
7.69,26.77,0.72,30.44,"nope"
7.35,31.04,1.10,34.22,"nope"
7.71,26.05,0.99,29.92,"nope"
6.98,30.34,1.49,33.59,"nope"
8.76,25.29,0.46,62.31,"nope"
6.98,28.09,1.25,18.68,"nope"
7.32,28.84,1.41,33.12,"nope"
7.29,27.60,1.31,33.73,"nope"
8.77,28.53,2.12,38.66,"nope"
8.27,29.84,1.84,26.95,"nope"
7.51,27.71,0.68,32.52,"nope"
7.30,27.01,0.37,37.06,"nope"
6.73,28.29,0.53,38.42,"nope"
7.40,26.17,0.51,27.85,"nope"
8.74,27.94,1.85,52.36,"nope"
8.03,28.44,0.31,42.55,"nope"
7.62,27.04,0.45,28.37,"nope"
8.02,27.93,1.27,41.90,"nope"
8.07,27.76,0.36,35.58,"nope"
10.08,27.60,1.04,39.86,"nope"
8.06,25.68,0.41,49.00,"nope"
7.87,30.39,0.55,42.89,"nope"
6.39,29.64,0.63,22.07,"nope"
8.05,28.62,1.42,27.31,"nope"
6.41,26.45,0.35,33.78,"nope"
1207.16,15.64,24.00,8750.78,"blow"
1422.89,17.24,52.23,9971.63,"blow"
1904.88,18.99,262.69,15857.41,"blow"
1981.59,20.07,285.24,10590.15,"blow"
1762.36,18.52,123.54,16625.92,"blow"
1989.50,24.35,139.74,9870.11,"blow"
1761.54,21.15,33.80,9517.31,"blow"
1534.81,21.45,42.11,11065.43,"blow"
1771.42,19.20,85.67,11434.80,"blow"
1809.25,19.87,148.39,14973.94,"blow"
8.83,30.01,1.34,39.72,"nope"
8.43,29.41,0.27,29.30,"nope"
8.84,28.04,1.80,35.46,"nope"
9.16,27.02,1.63,42.18,"nope"
7.28,27.79,0.82,34.73,"nope"
7.59,26.84,0.61,38.01,"nope"
8.39,27.96,1.07,38.81,"nope"
1500.23,16.49,100.94,11542.63,"blow"
1520.76,20.05,91.74,9025.46,"blow"
1377.31,17.34,42.81,12481.11,"blow"
1368.70,20.98,70.90,8684.04,"blow"
1698.02,19.06,80.76,13407.05,"blow"
1408.77,18.72,51.35,9020.66,"blow"
1427.81,15.61,51.05,9062.02,"blow"
1487.25,21.72,102.43,6509.16,"blow"
1553.33,19.74,111.08,7289.13,"blow"
1692.68,19.75,107.35,7884.79,"blow"
1405.02,19.42,89.68,12607.22,"blow"
1553.77,20.09,59.87,8144.08,"blow"
1503.59,24.59,333.82,6833.11,"blow"
1365.07,19.04,59.59,7264.00,"blow"
1658.30,22.27,261.98,6116.49,"blow"
1582.25,22.29,180.29,13379.20,"blow"
1472.56,23.13,101.54,8973.67,"blow"
1404.04,21.92,69.01,8603.31,"blow"
1706.26,21.15,308.56,9115.06,"blow"
1729.55,19.88,128.45,8961.10,"blow"
1635.85,19.42,124.69,7593.40,"blow"
1871.53,20.99,106.81,8709.36,"blow"
1847.17,20.12,139.70,10427.07,"blow"
1843.99,21.09,177.64,9659.51,"blow"
1886.13,22.58,152.87,10024.44,"blow"
1962.24,21.89,182.18,8126.12,"blow"
1901.74,21.74,283.91,8871.14,"blow"
1863.27,21.80,78.62,8076.33,"blow"
2140.05,21.22,279.60,7752.62,"blow"
7.40,30.45,1.25,31.55,"nope"
8.45,29.40,0.53,51.97,"nope"
7.44,26.55,0.59,39.54,"nope"
5.99,26.21,0.72,43.32,"nope"
7.24,27.13,0.72,49.89,"nope"
9.60,27.71,1.20,45.04,"nope"
7.48,25.95,0.68,33.07,"nope"
7.05,26.67,0.51,34.20,"nope"
7.64,26.66,0.86,23.93,"nope"
8.51,25.82,0.64,33.66,"nope"
7.56,28.11,0.30,34.40,"nope"
8.39,27.40,1.59,35.39,"nope"
8.63,23.41,0.41,48.43,"nope"
8.33,31.42,0.16,54.01,"nope"
7.87,26.40,0.41,31.19,"nope"
8.56,26.73,0.67,39.23,"nope"
9.11,25.25,0.65,50.41,"nope"
7.54,28.54,0.82,26.84,"nope"
8.27,25.97,0.91,38.09,"nope"
7.27,28.25,0.87,38.52,"nope"
7.09,28.54,1.64,40.58,"nope"
8.29,29.22,0.55,51.39,"nope"
8.09,27.15,0.12,53.11,"nope"
7.69,29.93,0.97,38.56,"nope"
6.20,29.29,0.33,23.16,"nope"
9.19,25.60,0.47,41.04,"nope"
7.49,29.49,0.78,31.39,"nope"
8.55,27.11,0.39,43.22,"nope"
10.52,25.95,0.76,39.17,"nope"
7.53,27.19,1.24,54.44,"nope"
8.30,27.09,2.04,44.98,"nope"
8.32,26.27,0.54,29.97,"nope"
8.47,31.89,0.37,29.62,"nope"
7.59,27.96,0.69,31.94,"nope"
7.02,27.55,0.77,24.13,"nope"
6.55,27.71,0.50,27.50,"nope"
7.91,26.01,0.39,48.20,"nope"
7.76,30.04,0.92,39.21,"nope"
7.99,26.72,1.10,35.11,"nope"
8.72,28.16,0.59,27.95,"nope"
6.74,30.04,0.38,27.14,"nope"
6.92,26.55,1.16,29.71,"nope"
1553.51,20.23,170.26,9984.81,"blow"
1355.20,18.34,67.53,14309.22,"blow"
1658.59,20.14,112.76,9165.38,"blow"
1654.08,22.87,112.09,7012.23,"blow"
1854.57,19.33,179.61,8147.84,"blow"
1742.58,23.37,101.22,7804.06,"blow"
1793.45,24.67,162.43,7159.92,"blow"
1982.63,22.76,105.30,8499.71,"blow"
1980.01,21.18,110.16,7907.12,"blow"
1876.42,20.63,91.19,7724.76,"blow"
2117.05,22.27,131.49,8006.25,"blow"
2104.68,27.03,243.89,7233.77,"blow"
1744.41,20.06,115.99,9729.06,"blow"
2016.11,25.07,195.62,8004.68,"blow"
2021.41,22.68,72.68,7339.73,"blow"
1966.90,23.80,41.61,9637.26,"blow"
2219.53,23.61,113.29,7293.64,"blow"
2249.64,22.18,344.82,9205.37,"blow"
2071.31,25.66,141.71,8428.52,"blow"
2080.85,24.93,318.56,9943.14,"blow"
2452.53,27.31,413.06,7791.90,"blow"
1772.22,26.13,71.77,5921.90,"blow"
2275.48,25.25,141.17,8359.21,"blow"
1993.79,23.71,99.18,7674.95,"blow"
2168.67,22.34,186.43,10768.91,"blow"
1929.43,21.11,80.48,10650.83,"blow"
1943.86,23.14,44.65,6754.62,"blow"
2266.76,23.90,311.23,10945.86,"blow"
2448.23,25.06,339.62,6725.53,"blow"
1960.78,22.40,163.84,7108.92,"blow"
2152.43,23.74,380.71,7453.81,"blow"
2082.71,24.53,266.96,7326.31,"blow"
2253.78,22.52,261.31,9566.30,"blow"
2340.49,24.46,179.91,6477.93,"blow"
2254.57,24.86,419.49,7724.31,"blow"
18.27,27.68,2.73,62.82,"nope"
25.17,29.15,0.86,70.69,"nope"
21.36,31.29,1.28,57.14,"nope"
25.56,27.77,3.88,82.71,"nope"
19.52,27.98,1.73,53.04,"nope"
17.59,28.89,2.25,44.16,"nope"
10.38,28.43,1.66,37.91,"nope"
8.48,26.28,0.42,43.94,"nope"
7.43,27.89,0.29,43.24,"nope"
1984.91,22.82,222.40,10132.46,"blow"
1836.30,18.40,110.88,12046.42,"blow"
2107.77,23.49,611.26,11097.63,"blow"
1914.76,21.51,93.26,11918.50,"blow"
1750.42,24.07,221.83,11194.58,"blow"
2016.53,22.59,219.33,6977.10,"blow"
1723.95,23.78,76.03,7204.28,"blow"
2033.67,19.43,94.63,12382.23,"blow"
1918.40,17.40,83.79,9099.22,"blow"
1977.95,19.41,187.28,10879.70,"blow"
1702.04,17.47,176.35,12033.30,"blow"
1858.36,21.22,270.09,13517.96,"blow"
1684.60,20.01,35.17,13418.46,"blow"
1909.28,17.08,111.67,11660.09,"blow"
1822.14,19.52,188.88,11082.42,"blow"
1202.92,18.31,73.94,10928.76,"blow"
1719.79,20.37,140.16,10221.09,"blow"
1733.84,23.38,52.46,6752.26,"blow"
1465.59,18.05,51.28,12218.27,"blow"
1860.45,21.81,89.08,8489.20,"blow"
1495.52,20.15,147.65,11696.66,"blow"
1751.50,17.96,81.99,14571.67,"blow"
1364.05,17.02,118.81,9618.91,"blow"
1483.23,20.23,96.54,6904.47,"blow"
1677.32,19.84,60.76,8088.57,"blow"
1477.52,17.83,65.65,14308.33,"blow"
1817.10,18.94,103.37,9576.07,"blow"
1235.08,18.58,68.75,6414.30,"blow"
1383.27,14.29,21.07,12756.41,"blow"
1266.92,19.18,90.68,7870.44,"blow"
1366.51,17.56,27.07,8327.30,"blow"
1266.14,14.56,24.45,11758.07,"blow"
1017.50,16.57,34.04,8241.44,"blow"
1185.46,15.23,68.81,7628.19,"blow"
936.40,17.13,28.67,8336.99,"blow"
1116.90,17.68,54.27,8173.56,"blow"
1132.07,19.98,48.68,5774.24,"blow"
1130.18,16.45,28.87,8797.31,"blow"
1450.54,20.51,75.47,7314.73,"blow"
1355.97,20.76,14.62,7420.35,"blow"
1685.14,17.71,112.23,11647.54,"blow"
1366.19,20.63,112.99,6403.76,"blow"
1706.57,18.65,143.37,9256.58,"blow"
1436.35,15.56,62.65,11129.59,"blow"
1158.50,21.90,28.76,4530.53,"blow"
1418.35,17.57,132.88,7952.52,"blow"
1429.00,18.41,86.85,8623.29,"blow"
1325.88,19.73,119.57,8596.09,"blow"
1222.16,15.77,21.67,9514.83,"blow"
8.79,29.98,1.50,40.79,"nope"
6.33,26.25,0.48,41.50,"nope"
6.53,23.88,0.36,34.68,"nope"
7.63,28.98,0.48,22.00,"nope"
9.19,27.62,2.41,39.50,"nope"
8.36,25.47,1.07,40.77,"nope"
8.70,28.41,0.99,49.95,"nope"
7.85,29.33,1.02,32.02,"nope"
8.77,27.65,1.72,31.41,"nope"
9.70,22.83,0.60,63.64,"nope"
8.15,28.02,0.72,57.83,"nope"
244.85,36.50,22.31,1699.54,"nope"
33.84,28.49,3.68,615.69,"nope"
68.69,28.64,17.20,135.54,"nope"
10.33,24.76,1.81,65.28,"nope"
268.69,25.69,10.40,2998.06,"nope"
286.03,21.14,18.37,1100.18,"nope"
149.39,30.33,8.54,605.15,"nope"
9.65,20.18,0.37,66.78,"nope"
7.30,23.43,0.17,39.51,"nope"
8.49,24.69,1.16,43.43,"nope"
5.44,27.72,0.40,40.51,"nope"
7.95,25.61,1.49,47.60,"nope"
6.98,26.72,0.72,38.24,"nope"
7.80,25.86,1.27,45.90,"nope"
6.44,25.59,1.15,38.82,"nope"
7.33,29.52,1.20,24.46,"nope"
6.99,26.56,0.67,33.56,"nope"
6.71,29.74,0.40,29.60,"nope"
7.38,26.24,0.92,33.51,"nope"
7.65,28.46,2.18,29.67,"nope"
6.67,29.33,1.03,27.95,"nope"
7.83,27.29,1.34,35.01,"nope"
8.96,27.63,1.74,55.24,"nope"
7.99,25.46,1.11,44.49,"nope"
7.79,26.52,1.52,42.51,"nope"
6.88,27.48,0.95,51.42,"nope"
8.03,26.28,0.57,57.58,"nope"
7.14,27.15,1.68,27.51,"nope"
6.10,28.59,0.62,34.22,"nope"
6.53,26.47,0.29,24.72,"nope"
6.93,27.53,0.90,30.74,"nope"
7.29,26.81,0.85,35.36,"nope"
7.05,27.83,0.54,40.26,"nope"
8.00,27.23,0.90,35.80,"nope"
8.60,26.01,0.28,53.71,"nope"
7.67,27.30,0.51,39.81,"nope"
6.30,26.66,1.48,24.74,"nope"
8.01,30.61,0.48,21.54,"nope"
7.90,29.92,0.49,26.54,"nope"
7.51,25.59,1.82,30.54,"nope"
7.16,26.63,0.87,49.19,"nope"
6.60,27.64,1.24,36.63,"nope"
7.59,23.93,1.18,40.03,"nope"
8.27,25.70,1.15,56.26,"nope"
7.89,28.00,1.53,29.55,"nope"
7.49,26.38,1.16,45.92,"nope"
7.54,27.93,1.19,29.15,"nope"
6.75,27.71,1.00,23.20,"nope"
7.88,25.19,1.37,26.93,"nope"
7.43,23.14,0.46,53.82,"nope"
6.72,30.66,0.91,31.51,"nope"
7.05,28.52,0.74,28.31,"nope"
6.17,26.36,0.57,33.40,"nope"
6.65,28.29,1.36,29.15,"nope"
6.58,28.07,0.47,40.59,"nope"
6.49,28.48,1.10,26.46,"nope"
6.76,28.30,0.27,31.38,"nope"
7.92,27.93,0.74,30.92,"nope"
6.49,28.61,0.06,35.97,"nope"
7.10,26.40,1.59,23.18,"nope"
6.97,27.84,0.43,34.20,"nope"
7.58,26.43,1.73,39.48,"nope"
8.05,28.93,1.09,37.92,"nope"
7.14,26.86,0.54,37.00,"nope"
7.19,28.68,0.55,41.47,"nope"
7.08,29.35,0.66,29.53,"nope"
7.55,30.40,1.49,36.77,"nope"
7.46,29.32,0.69,24.79,"nope"
6.17,28.62,0.44,16.26,"nope"
7.82,28.49,0.94,49.24,"nope"
6.67,27.28,0.97,35.71,"nope"
6.63,27.33,0.62,28.67,"nope"
6.40,27.48,0.24,23.64,"nope"
7.48,27.91,0.83,30.57,"nope"
6.86,28.61,1.27,32.83,"nope"
256.48,32.51,57.19,502.27,"nope"
485.59,13.11,11.44,3197.21,"nope"
14.96,18.80,1.08,110.97,"nope"
358.09,26.83,20.36,1501.15,"nope"
110.72,28.51,11.29,429.22,"nope"
35.69,22.02,3.52,160.48,"nope"
342.96,35.90,14.69,1595.29,"nope"
13.61,26.43,0.29,116.51,"nope"
7.59,25.70,0.38,44.00,"nope"
18.02,19.39,1.36,241.54,"nope"
8.74,26.55,0.61,66.12,"nope"
14.18,28.24,0.57,65.66,"nope"
9.72,26.92,0.73,39.27,"nope"
7.06,26.60,0.41,24.54,"nope"
8.95,24.80,1.30,68.74,"nope"
8.38,28.19,0.67,41.68,"nope"
7.42,25.55,1.08,37.27,"nope"
6.88,26.52,0.15,42.96,"nope"
8.59,23.35,0.78,56.64,"nope"
11.84,26.83,1.64,84.69,"nope"
7.59,25.21,0.71,29.88,"nope"
12.15,22.16,2.36,73.03,"nope"
8.48,24.73,0.42,52.92,"nope"
106.42,17.69,1.38,731.65,"nope"
58.73,23.19,7.14,319.08,"nope"
7.96,26.67,0.75,38.55,"nope"
51.64,13.70,2.49,242.42,"nope"
11.45,26.75,1.02,71.01,"nope"
8.39,26.59,0.51,33.93,"nope"
339.26,24.56,92.41,1465.02,"nope"
10.68,21.56,1.13,120.81,"nope"
17.50,20.03,1.21,170.66,"nope"
302.22,16.65,4.47,2575.29,"nope"
18.23,17.99,1.19,90.37,"nope"
15.54,20.67,2.00,74.81,"nope"
24.19,17.17,1.15,124.56,"nope"
10.71,19.68,1.04,150.58,"nope"
16.64,15.44,1.49,230.67,"nope"
40.69,24.16,4.09,174.39,"nope"
24.47,16.63,1.07,146.07,"nope"
26.01,20.99,0.46,104.45,"nope"
13.81,22.67,1.43,64.85,"nope"
15.47,26.96,1.52,43.02,"nope"
9.85,28.71,1.69,31.02,"nope"
938.62,20.43,379.65,5930.39,"nope"
5.62,22.69,0.56,58.90,"nope"
7.58,25.63,0.56,65.61,"nope"
8.46,28.62,1.17,57.46,"nope"
202.90,14.19,18.08,2949.43,"nope"
896.82,20.44,361.95,5630.11,"nope"
12.58,29.99,0.85,72.23,"nope"
4.09,31.95,0.82,12.28,"nope"
7.85,33.70,3.27,12.90,"nope"
3.22,36.33,0.23,8.87,"nope"
192.39,14.95,12.93,1691.59,"nope"
6.14,24.43,0.45,59.35,"nope"
9.74,32.58,2.19,33.60,"nope"
8.43,28.19,2.04,26.97,"nope"
10.17,30.14,2.64,45.93,"nope"
9.46,26.95,1.02,39.95,"nope"
9.83,31.92,0.74,29.21,"nope"
7.53,28.20,1.18,33.65,"nope"
8.67,27.10,0.82,61.96,"nope"
8.30,29.19,1.38,50.02,"nope"
9.60,30.00,1.59,32.59,"nope"
9.80,28.76,0.78,56.24,"nope"
12.18,25.23,2.04,93.65,"nope"
10.70,28.66,0.88,47.78,"nope"
9.43,28.12,1.78,41.55,"nope"
10.74,23.01,1.25,69.28,"nope"
10.32,26.31,1.42,39.28,"nope"
9.92,23.71,1.83,89.10,"nope"
8.55,32.02,1.27,26.18,"nope"
10.80,25.40,0.62,67.37,"nope"
9.38,27.64,1.60,34.25,"nope"
8.56,25.67,1.41,31.24,"nope"
7.00,26.65,0.88,30.61,"nope"
7.75,28.06,1.20,34.95,"nope"
6.34,28.09,0.83,36.42,"nope"
8.03,25.64,1.12,31.76,"nope"
7.25,28.72,0.66,22.24,"nope"
7.81,29.72,0.74,40.63,"nope"
8.26,27.00,0.61,56.57,"nope"
34.87,13.81,1.83,215.07,"nope"
11.11,24.34,1.25,47.91,"nope"
9.70,26.31,1.17,63.80,"nope"
7.03,28.54,0.04,29.09,"nope"
9.07,27.21,0.60,54.37,"nope"
8.72,29.52,0.52,31.67,"nope"
7.80,28.54,0.39,38.53,"nope"
8.04,28.50,0.38,24.90,"nope"
8.22,26.43,0.90,32.28,"nope"
7.12,30.48,0.48,24.76,"nope"
7.73,28.18,1.66,28.39,"nope"
7.42,30.16,0.53,34.83,"nope"
8.07,29.35,0.21,60.69,"nope"
6.85,28.95,1.05,18.20,"nope"
9.76,29.30,1.33,29.36,"nope"
7.56,26.88,1.10,36.61,"nope"
51.01,33.38,3.95,143.47,"suck"
64.06,31.66,15.54,175.61,"suck"
63.21,31.63,7.17,167.65,"suck"
71.86,32.15,7.60,159.36,"suck"
85.02,33.64,12.04,231.97,"suck"
93.82,33.82,12.10,247.50,"suck"
101.21,37.07,7.09,293.49,"suck"
117.54,34.90,21.66,366.39,"suck"
124.36,31.57,12.19,337.96,"suck"
122.84,31.70,12.51,294.27,"suck"
9.07,28.60,0.66,44.98,"nope"
8.77,27.84,0.25,30.85,"nope"
6.15,29.97,0.72,31.83,"nope"
7.66,26.92,0.40,40.15,"nope"
7.84,27.06,0.18,49.01,"nope"
10.22,31.41,2.80,26.13,"nope"
9.56,27.69,0.83,49.56,"nope"
9.28,27.18,0.75,33.40,"nope"
10.25,31.22,2.36,39.99,"nope"
7.47,28.01,0.37,27.37,"nope"
7.44,28.91,1.08,28.98,"nope"
8.01,29.86,0.63,27.57,"nope"
7.77,31.74,0.78,21.74,"nope"
9.81,27.41,1.23,56.17,"nope"
8.28,27.55,1.39,37.88,"nope"
9.13,30.69,2.33,35.72,"nope"
6.97,28.19,0.56,30.49,"nope"
7.53,25.88,0.82,24.73,"nope"
7.16,26.08,1.16,32.51,"nope"
8.06,30.09,1.53,34.57,"nope"
9.54,27.84,1.73,47.85,"nope"
7.92,25.95,0.71,42.12,"nope"
9.03,26.76,1.48,36.74,"nope"
8.33,27.19,0.61,41.61,"nope"
8.61,27.81,0.68,38.08,"nope"
7.70,30.06,1.47,32.42,"nope"
9.24,27.86,1.20,45.15,"nope"
6.90,27.83,0.19,28.75,"nope"
8.41,27.55,2.11,48.98,"nope"
7.03,28.78,0.77,24.93,"nope"
7.98,28.32,1.44,21.15,"nope"
7.85,24.99,0.39,37.96,"nope"
6.73,28.60,1.16,28.84,"nope"
8.54,26.51,0.73,50.06,"nope"
8.40,24.29,0.47,50.76,"nope"
7.64,28.62,1.55,33.91,"nope"
8.22,28.38,0.75,33.77,"nope"
8.35,27.53,0.32,46.81,"nope"
7.77,26.88,0.70,54.12,"nope"
8.04,29.13,1.05,26.66,"nope"
7.52,26.49,1.02,24.87,"nope"
8.72,27.42,1.68,39.86,"nope"
7.08,28.01,1.58,30.63,"nope"
6.66,28.85,1.17,24.06,"nope"
6.70,27.74,1.41,34.90,"nope"
8.96,30.15,0.43,31.32,"nope"
7.39,27.57,0.77,49.56,"nope"
7.55,30.30,1.62,28.59,"nope"
8.11,28.71,1.30,35.67,"nope"
8.73,29.02,1.30,45.77,"nope"
6.73,26.41,1.32,29.60,"nope"
9.19,29.80,0.93,32.22,"nope"
8.51,29.92,0.90,40.85,"nope"
7.42,28.25,0.65,30.43,"nope"
7.32,30.24,0.95,31.73,"nope"
9.39,26.61,1.50,30.05,"nope"
8.45,31.61,1.44,26.04,"nope"
6.46,29.93,0.81,28.12,"nope"
6.71,25.06,1.40,36.32,"nope"
7.97,29.04,1.09,35.33,"nope"
73.81,32.59,16.47,245.55,"suck"
69.93,30.08,2.60,198.25,"suck"
75.52,30.10,8.32,198.89,"suck"
78.63,31.25,3.23,310.19,"suck"
90.86,31.49,16.60,249.60,"suck"
86.76,27.94,9.53,236.95,"suck"
89.82,33.68,12.54,210.45,"suck"
83.90,32.88,12.42,208.37,"suck"
67.87,35.05,3.32,197.49,"suck"
79.75,30.55,9.16,214.06,"suck"
74.32,29.91,7.21,273.95,"suck"
79.25,32.57,27.12,175.41,"suck"
72.35,32.40,11.35,148.95,"suck"
100.70,34.88,10.28,278.27,"suck"
82.96,32.76,8.03,255.98,"suck"
112.86,32.97,8.53,392.49,"suck"
129.18,33.00,7.45,328.43,"suck"
155.75,33.77,15.12,413.31,"suck"
199.59,35.02,13.92,668.21,"suck"
215.26,32.41,32.41,635.59,"suck"
7.36,28.85,1.72,29.91,"nope"
7.45,29.34,0.60,23.97,"nope"
7.38,29.21,0.46,35.64,"nope"
8.24,29.30,0.76,32.98,"nope"
8.18,29.81,1.41,24.03,"nope"
8.64,27.15,1.30,26.67,"nope"
7.21,28.51,0.73,22.49,"nope"
8.57,26.85,1.26,43.63,"nope"
7.11,30.04,0.66,28.58,"nope"
8.52,26.90,1.91,39.26,"nope"
9.01,30.75,0.97,30.45,"nope"
9.82,28.10,1.03,38.63,"nope"
9.47,29.50,0.59,30.12,"nope"
10.77,25.66,0.96,35.91,"nope"
9.16,24.79,1.60,38.00,"nope"
10.30,29.61,0.52,36.78,"nope"
9.74,29.25,1.71,28.99,"nope"
8.36,28.96,2.13,36.40,"nope"
9.00,31.10,1.17,38.16,"nope"
8.47,25.97,2.14,32.33,"nope"
9.72,26.50,0.82,35.02,"nope"
10.06,29.01,0.92,45.52,"nope"
8.17,27.54,1.27,32.31,"nope"
8.11,28.63,1.37,30.54,"nope"
9.93,25.10,1.93,53.86,"nope"
8.09,30.24,1.23,30.55,"nope"
6.70,26.69,0.54,30.67,"nope"
7.15,25.80,0.52,34.33,"nope"
8.70,30.94,0.74,55.10,"nope"
7.61,26.64,1.07,37.88,"nope"
7.60,27.34,0.99,66.10,"nope"
20.40,17.35,0.36,195.33,"nope"
7.37,28.70,0.63,29.13,"nope"
125.58,33.16,15.44,358.13,"suck"
147.74,35.24,17.46,598.97,"suck"
218.96,33.59,10.97,611.81,"suck"
281.75,33.16,22.30,817.96,"suck"
332.93,31.98,59.04,1453.43,"suck"
35.56,10.91,0.89,327.81,"nope"
14.09,18.99,0.60,147.99,"nope"
16.94,15.37,0.27,244.94,"nope"
18.43,22.61,1.33,230.33,"nope"
41.63,9.62,1.02,981.05,"nope"
36.53,11.39,1.13,422.92,"nope"
38.72,11.11,0.91,726.56,"nope"
26.20,12.93,0.99,452.99,"nope"
21.67,15.65,1.33,299.91,"nope"
21.39,13.56,2.32,288.05,"nope"
8.26,25.45,0.77,104.97,"nope"
108.39,39.68,6.30,649.86,"suck"
165.09,35.42,9.30,787.48,"suck"
141.02,36.68,16.06,549.71,"suck"
137.97,38.10,12.57,561.16,"suck"
152.30,38.32,10.82,771.07,"suck"
126.37,36.03,16.91,720.49,"suck"
132.30,36.43,12.16,983.46,"suck"
136.38,37.11,23.86,682.83,"suck"
136.58,34.13,32.17,534.67,"suck"
136.45,35.15,20.21,499.78,"suck"
8.56,26.75,0.55,35.15,"nope"
7.54,26.84,0.42,35.53,"nope"
7.96,28.13,0.07,40.72,"nope"
12.49,30.18,1.91,47.11,"nope"
9.20,29.40,1.61,35.57,"nope"
7.65,29.79,1.12,33.72,"nope"
13.81,22.80,1.70,65.49,"nope"
12.40,26.51,1.49,56.68,"nope"
10.53,26.05,2.04,36.98,"nope"
21.56,26.89,2.16,85.31,"nope"
11.98,21.25,0.45,167.00,"nope"
10.14,28.35,0.69,44.77,"nope"
10.35,26.46,1.55,60.29,"nope"
9.29,27.19,0.26,31.75,"nope"
92.39,16.25,4.64,549.85,"nope"
59.15,24.38,3.96,221.49,"nope"
51.32,15.31,0.92,435.70,"nope"
78.23,14.61,4.00,1048.00,"nope"
43.12,12.17,2.84,704.98,"nope"
349.51,27.95,19.34,2416.18,"nope"
22.58,17.88,1.02,357.38,"nope"
12.25,19.55,1.97,151.31,"nope"
10.48,22.84,1.10,130.15,"nope"
10.68,18.74,1.14,136.16,"nope"
10.60,22.14,1.47,115.35,"nope"
11.14,17.42,0.22,176.25,"nope"
10.81,21.03,0.81,125.91,"nope"
12.79,17.22,0.48,203.72,"nope"
11.83,16.88,1.23,193.62,"nope"
12.15,18.14,0.21,174.19,"nope"
23.99,10.35,1.03,716.44,"nope"
17.70,13.06,0.56,410.46,"nope"
9.84,17.37,0.73,200.81,"nope"
11.35,20.88,0.58,179.86,"nope"
17.80,14.22,0.89,250.91,"nope"
11.82,20.11,1.71,126.90,"nope"
13.25,17.12,1.40,154.99,"nope"
9.35,21.47,1.08,96.99,"nope"
13.62,17.17,0.72,195.79,"nope"
11.37,19.97,2.01,109.07,"nope"
9.30,22.69,1.87,85.38,"nope"
8.22,27.17,1.17,50.83,"nope"
7.22,29.01,0.58,27.95,"nope"
7.65,29.02,1.76,28.57,"nope"
7.80,26.75,1.01,33.23,"nope"
8.04,26.86,1.25,40.86,"nope"
6.53,26.54,0.80,32.87,"nope"
8.05,26.58,0.47,78.13,"nope"
7.49,26.89,1.97,47.58,"nope"
7.64,22.79,1.18,40.09,"nope"
8.31,25.73,0.66,42.11,"nope"
8.27,26.07,1.16,49.50,"nope"
9.15,22.63,0.51,79.74,"nope"
7.02,28.45,0.83,41.64,"nope"
7.55,26.77,0.78,36.46,"nope"
6.96,24.06,0.68,30.66,"nope"
6.81,28.53,1.67,29.55,"nope"
6.61,29.96,0.84,31.90,"nope"
8.13,28.62,1.18,23.22,"nope"
7.05,30.36,1.53,29.96,"nope"
7.19,28.08,1.45,37.19,"nope"
6.43,28.67,0.80,25.18,"nope"
7.35,28.08,1.08,22.73,"nope"
9.11,25.65,0.79,55.65,"nope"
7.65,28.84,0.66,46.19,"nope"
6.55,28.26,0.23,27.81,"nope"
6.92,27.03,1.29,23.15,"nope"
7.34,25.64,0.62,54.36,"nope"
6.04,27.15,0.30,29.06,"nope"
7.47,26.78,0.24,45.64,"nope"
8.20,27.57,1.13,50.63,"nope"
6.23,27.50,0.62,23.70,"nope"
7.44,26.05,1.11,63.44,"nope"
6.71,26.90,0.46,29.05,"nope"
8.00,26.84,1.13,41.67,"nope"
6.33,27.09,1.62,24.50,"nope"
6.77,27.38,1.26,39.60,"nope"
7.39,30.04,1.39,23.99,"nope"
8.54,28.10,0.56,38.29,"nope"
7.40,27.03,0.03,40.13,"nope"
7.45,30.16,1.70,29.74,"nope"
6.44,29.34,0.56,40.09,"nope"
7.05,25.38,1.08,31.54,"nope"
6.76,27.01,0.66,33.49,"nope"
7.58,28.68,1.54,25.60,"nope"
7.52,26.86,0.35,29.35,"nope"
6.54,28.92,0.73,41.26,"nope"
7.20,25.73,1.29,25.39,"nope"
6.94,29.30,0.18,26.12,"nope"
6.52,29.28,1.57,26.49,"nope"
7.02,25.43,0.35,34.41,"nope"
6.31,28.33,1.20,21.78,"nope"
6.42,28.37,0.97,35.88,"nope"
7.44,26.58,0.44,30.54,"nope"
7.16,24.58,0.52,49.44,"nope"
7.77,25.86,0.55,38.09,"nope"
12.55,22.75,0.15,86.85,"nope"
8.46,25.08,0.44,33.89,"nope"
8.10,25.76,1.04,31.13,"nope"
7.26,26.11,0.81,27.96,"nope"
6.41,27.05,0.55,31.69,"nope"
7.43,30.59,0.91,32.05,"nope"
7.12,25.07,0.84,35.57,"nope"
7.72,25.63,0.27,38.00,"nope"
6.75,27.78,0.37,21.71,"nope"
7.39,22.81,0.48,27.17,"nope"
6.03,26.29,1.57,32.57,"nope"
6.94,26.13,0.95,29.83,"nope"
7.00,27.59,1.23,39.75,"nope"
7.29,29.86,0.58,35.90,"nope"
6.06,27.67,0.44,26.70,"nope"
6.77,29.80,1.94,35.84,"nope"
8.84,23.23,0.95,60.93,"nope"
6.79,26.35,1.20,21.99,"nope"
7.58,29.39,0.65,33.81,"nope"
6.28,26.99,0.93,24.81,"nope"
7.16,29.99,0.45,28.83,"nope"
6.28,26.24,0.55,46.57,"nope"
6.89,25.05,0.90,45.52,"nope"
8.66,30.63,0.37,29.35,"nope"
7.65,27.05,0.78,43.18,"nope"
7.07,27.30,1.59,50.50,"nope"
8.55,26.28,1.16,36.57,"nope"
6.96,25.22,0.52,26.10,"nope"
8.38,27.96,0.62,29.08,"nope"
7.17,27.01,1.50,36.52,"nope"
8.23,24.58,0.30,38.34,"nope"
11.40,26.75,0.55,86.05,"nope"
7.98,26.97,2.37,65.76,"nope"
6.15,29.38,0.65,28.14,"nope"
7.61,24.84,0.59,47.76,"nope"
7.35,26.70,0.82,43.65,"nope"
11.92,22.80,1.16,180.58,"nope"
7.26,23.83,0.81,62.99,"nope"
6.49,25.66,0.27,61.97,"nope"
7.95,21.99,0.62,42.17,"nope"
6.57,30.28,0.08,21.29,"nope"
7.43,29.57,1.09,36.79,"nope"
8.10,24.98,0.86,39.70,"nope"
6.35,29.97,1.11,30.65,"nope"
7.53,25.13,1.46,41.58,"nope"
7.08,27.30,0.69,30.67,"nope"
7.58,28.58,0.99,29.36,"nope"
6.99,26.42,1.32,39.84,"nope"
7.00,26.80,0.77,33.13,"nope"
6.94,28.33,1.57,27.25,"nope"
7.42,28.18,0.20,27.00,"nope"
7.70,27.49,0.63,49.94,"nope"
7.69,26.81,1.18,48.93,"nope"
6.46,26.71,0.23,31.42,"nope"
6.80,26.78,0.18,30.12,"nope"
6.05,30.10,0.62,30.56,"nope"
6.77,25.40,1.30,37.54,"nope"
6.72,28.67,1.28,32.62,"nope"
7.78,26.37,1.40,30.77,"nope"
7.66,26.84,0.20,23.81,"nope"
7.46,26.25,0.69,35.56,"nope"
7.24,28.65,0.71,24.80,"nope"
6.48,28.10,0.52,19.69,"nope"
7.50,26.02,0.40,30.67,"nope"
8.03,29.28,1.26,27.10,"nope"
7.20,28.78,0.38,21.01,"nope"
6.31,27.38,0.32,26.06,"nope"
7.12,26.81,0.68,39.02,"nope"
6.82,30.34,0.66,24.11,"nope"
7.77,29.70,1.50,22.22,"nope"
6.78,27.70,0.58,28.87,"nope"
7.33,27.11,1.40,25.30,"nope"
8.25,26.22,1.42,47.90,"nope"
6.83,28.10,0.51,30.28,"nope"
8.17,27.44,1.75,30.32,"nope"
8.01,25.56,0.63,38.09,"nope"
7.26,28.10,0.41,32.71,"nope"
7.48,28.77,0.36,31.79,"nope"
7.37,26.71,0.70,35.34,"nope"
6.47,26.75,0.52,43.00,"nope"
7.07,29.01,0.44,34.71,"nope"
7.31,26.16,1.09,42.94,"nope"
8.58,25.15,1.77,36.80,"nope"
7.47,27.87,1.44,38.52,"nope"
7.17,31.33,1.78,28.45,"nope"
7.96,28.09,1.62,34.97,"nope"
6.53,26.21,0.30,33.44,"nope"
7.04,27.15,1.38,35.23,"nope"
8.40,22.96,0.41,46.04,"nope"
8.80,28.10,0.35,42.17,"nope"
6.49,31.15,0.68,22.12,"nope"
6.76,27.75,0.05,22.78,"nope"
5.69,28.38,1.02,41.50,"nope"
6.28,27.20,0.57,33.21,"nope"
6.24,24.98,0.65,44.70,"nope"
8.13,28.76,1.29,51.69,"nope"
6.58,28.82,1.21,24.20,"nope"
7.86,29.82,0.92,51.81,"nope"
8.36,25.87,0.83,57.10,"nope"
7.66,26.19,1.22,40.98,"nope"
7.42,26.17,1.57,38.04,"nope"
8.66,27.08,1.05,32.12,"nope"
6.57,25.77,0.26,28.28,"nope"
7.19,26.80,1.34,37.83,"nope"
8.85,24.50,0.57,43.85,"nope"
7.26,27.95,0.56,35.78,"nope"
6.94,25.97,0.94,40.74,"nope"
17.33,25.72,2.16,59.97,"nope"
13.21,27.66,2.61,54.13,"nope"
9.94,25.07,0.68,47.47,"nope"
7.97,24.33,0.50,54.06,"nope"
10.58,23.50,0.85,76.70,"nope"
9.50,23.74,1.16,44.43,"nope"
9.96,24.20,0.53,93.70,"nope"
18.09,20.97,1.19,150.96,"nope"
10.57,24.32,1.40,58.98,"nope"
8.64,24.23,0.80,64.96,"nope"
15.37,18.26,0.21,219.20,"nope"
9.50,23.34,1.28,54.36,"nope"
13.86,22.62,0.80,104.82,"nope"
10.62,20.76,0.48,78.02,"nope"
8.69,23.02,1.19,50.53,"nope"
18.04,23.84,1.44,76.32,"nope"
18.68,34.69,4.39,63.57,"nope"
12.06,24.78,2.01,108.51,"nope"
11.66,15.39,0.71,154.80,"nope"
12.54,18.36,1.02,169.16,"nope"
9.56,27.95,0.91,37.96,"nope"
16.00,19.82,1.35,181.77,"nope"
15.05,15.93,0.22,240.67,"nope"
8.29,26.76,1.16,44.49,"nope"
15.66,17.75,1.48,174.72,"nope"
21.53,20.08,1.18,189.05,"nope"
14.44,25.64,1.69,69.80,"nope"
9.26,21.87,2.00,57.19,"nope"
6.11,26.84,0.81,37.52,"nope"
10.43,19.57,0.52,65.79,"nope"
7.79,25.08,1.22,40.77,"nope"
7.71,23.74,0.69,36.56,"nope"
7.65,29.36,0.33,42.37,"nope"
8.52,22.74,0.19,74.36,"nope"
8.94,23.78,0.70,48.03,"nope"
7.79,23.24,1.56,85.17,"nope"
9.18,25.79,1.21,86.96,"nope"
8.12,24.56,1.04,61.12,"nope"
8.02,25.88,0.54,49.13,"nope"
24.00,21.13,0.96,191.17,"nope"
12.90,22.94,1.40,94.57,"nope"
8.55,26.62,0.93,42.06,"nope"
11.12,20.51,0.64,91.66,"nope"
10.49,21.12,1.71,68.11,"nope"
20.39,17.15,1.33,256.43,"nope"
14.55,17.97,0.70,112.13,"nope"
9.40,23.29,0.51,101.74,"nope"
15.69,15.25,0.33,272.48,"nope"
12.66,19.32,1.19,109.93,"nope"
47.17,27.60,6.49,230.50,"nope"
99.22,24.05,12.52,512.98,"nope"
50.64,22.39,2.56,293.88,"nope"
23.24,21.47,2.64,131.88,"nope"
15.35,23.19,1.43,91.09,"nope"
11.49,20.00,0.40,81.77,"nope"
8.46,22.92,0.83,60.79,"nope"
9.10,25.37,0.54,37.94,"nope"
13.64,22.51,1.61,129.22,"nope"
15.50,16.31,0.50,289.70,"nope"
9.66,24.73,2.33,35.33,"nope"
8.44,28.08,0.40,30.44,"nope"
7.50,25.89,1.06,38.76,"nope"
9.14,26.67,2.10,46.99,"nope"
7.57,28.86,1.37,82.80,"nope"
7.07,27.19,0.93,19.66,"nope"
9.16,26.88,1.49,49.83,"nope"
14.08,31.58,0.95,57.27,"nope"
9.81,26.97,1.16,81.20,"nope"
7.13,29.00,1.67,26.73,"nope"
34.70,18.46,1.81,362.46,"nope"
17.71,15.43,0.60,286.05,"nope"
61.55,15.40,0.85,908.78,"nope"
56.93,21.86,3.42,902.23,"nope"
199.02,9.56,5.28,4602.60,"nope"
22.64,16.33,1.02,202.21,"nope"
13.53,17.81,0.16,162.23,"nope"
45.31,18.05,1.07,830.32,"nope"
28.44,16.93,1.59,527.30,"nope"
24.99,28.45,4.23,119.42,"nope"
10.71,23.89,1.68,63.75,"nope"
27.09,21.65,1.76,310.25,"nope"
11.68,16.51,0.64,129.94,"nope"
11.15,22.20,0.47,120.33,"nope"
10.16,24.07,0.59,65.21,"nope"
20.49,17.96,0.55,221.65,"nope"
11.11,20.51,0.34,117.25,"nope"
7.44,29.99,2.05,48.38,"nope"
13.11,17.71,1.43,155.67,"nope"
11.39,18.16,1.65,114.30,"nope"
11.22,19.78,0.83,77.07,"nope"
12.08,22.68,1.87,131.71,"nope"
17.78,17.34,3.28,247.53,"nope"
11.75,19.14,0.30,85.80,"nope"
10.78,20.60,0.19,165.58,"nope"
12.61,19.93,0.32,128.35,"nope"
13.19,18.95,0.83,172.82,"nope"
13.64,16.60,0.67,203.72,"nope"
8.85,19.25,1.15,147.27,"nope"
15.82,15.66,1.31,279.89,"nope"
13.91,15.82,0.15,191.47,"nope"
14.94,19.45,0.77,244.31,"nope"
1520.11,14.03,30.41,13489.04,"blow"
1351.11,16.13,22.27,11651.08,"blow"
1215.42,13.35,30.06,14497.65,"blow"
1384.55,13.92,54.12,8899.39,"blow"
1372.93,14.22,36.44,9247.37,"blow"
1460.96,15.39,22.85,10183.24,"blow"
1702.13,15.41,31.91,10149.29,"blow"
1887.88,16.84,73.03,13049.77,"blow"
1785.98,17.17,97.04,8412.74,"blow"
1843.82,17.05,85.40,8654.74,"blow"
1824.22,19.18,225.16,10334.33,"blow"
1659.08,16.68,31.93,12392.79,"blow"
1638.57,16.99,92.96,12344.94,"blow"
1525.33,15.82,18.19,10836.05,"blow"
1366.34,15.55,90.12,10525.63,"blow"
9.48,24.54,0.93,65.75,"nope"
24.43,11.79,0.50,711.20,"nope"
15.22,16.31,1.36,284.99,"nope"
19.45,16.28,1.44,327.51,"nope"
12.99,18.18,0.91,255.56,"nope"
8.58,22.49,0.68,103.02,"nope"
10.49,24.88,1.13,118.95,"nope"
12.01,18.45,0.86,154.87,"nope"
9.10,21.36,1.21,81.17,"nope"
8.41,23.74,0.53,59.74,"nope"
9.86,23.28,1.46,82.00,"nope"
13.88,17.72,0.96,239.82,"nope"
12.65,17.36,1.53,191.04,"nope"
8.26,30.40,0.85,59.06,"nope"
8.10,27.16,0.75,32.58,"nope"
13.57,16.77,1.46,212.40,"nope"
11.27,18.02,0.31,170.31,"nope"
8.09,27.97,0.45,51.07,"nope"
23.66,13.20,1.64,454.20,"nope"
21.43,12.63,0.69,487.42,"nope"
19.30,13.81,1.34,421.16,"nope"
9.25,22.45,0.08,96.75,"nope"
21.16,11.52,0.41,586.57,"nope"
19.94,12.22,1.07,446.49,"nope"
13.17,17.37,0.86,206.58,"nope"
10.85,20.93,1.44,101.61,"nope"
9.25,25.60,0.22,54.18,"nope"
8.97,24.72,0.93,67.61,"nope"
6.71,27.21,0.49,42.49,"nope"
14.78,14.50,0.17,165.49,"nope"
8.39,24.99,1.04,53.46,"nope"
8.51,29.72,0.63,25.11,"nope"
10.21,26.59,1.41,65.70,"nope"
19.72,18.74,0.17,238.35,"nope"
24.11,13.65,2.17,488.71,"nope"
19.24,15.17,0.64,292.71,"nope"
9.56,25.93,1.86,49.01,"nope"
13.34,17.54,0.79,226.66,"nope"
1194.58,11.70,24.79,13543.79,"blow"
1163.53,11.90,26.14,15260.19,"blow"
957.92,11.55,18.40,11147.28,"blow"
1086.58,13.30,17.32,11623.69,"blow"
1559.23,13.06,32.52,11954.04,"blow"
1277.98,17.48,71.69,7789.99,"blow"
1266.97,15.89,31.04,16924.13,"blow"
960.26,13.68,37.43,8054.24,"blow"
1167.66,14.23,33.75,9716.71,"blow"
945.00,16.42,45.49,7694.62,"blow"
1299.80,12.22,28.84,12024.82,"blow"
969.36,13.12,32.04,8568.15,"blow"
986.16,13.59,55.51,8635.15,"blow"
1060.82,14.48,14.80,8330.87,"blow"
867.71,14.66,21.20,8220.32,"blow"
1078.61,12.80,22.20,13085.46,"blow"
1292.33,15.84,99.65,10007.68,"blow"
1445.34,13.59,24.53,12031.45,"blow"
1593.26,16.00,101.89,9973.42,"blow"
1461.84,14.53,25.07,13148.85,"blow"
1270.40,13.77,62.12,9288.61,"blow"
868.83,11.89,17.63,9337.15,"blow"
1078.71,13.30,31.23,8682.08,"blow"
144.72,8.92,3.11,3093.74,"blow"
342.45,8.30,0.91,6064.52,"blow"
221.23,11.52,6.15,2306.53,"blow"
328.97,10.03,1.77,3456.19,"blow"
515.89,8.74,2.57,5965.77,"blow"
485.78,8.51,7.37,7227.01,"blow"
972.89,12.18,10.52,11147.30,"blow"
573.94,13.02,27.85,5709.52,"blow"
918.26,12.13,21.96,13861.08,"blow"
1887.48,18.51,41.17,14075.12,"blow"
1873.33,17.73,49.90,14336.41,"blow"
1995.34,18.67,79.92,11991.35,"blow"
1981.27,18.78,144.24,11748.36,"blow"
1715.01,20.03,111.43,14193.92,"blow"
1568.39,20.40,92.99,7459.87,"blow"
1975.86,19.95,84.12,9701.01,"blow"
1947.00,17.52,110.91,11491.67,"blow"
1499.00,17.25,72.55,10125.88,"blow"
1672.86,17.76,162.05,13358.92,"blow"
8.96,22.25,0.85,93.59,"nope"
14.05,23.47,1.35,132.04,"nope"
8.46,25.59,1.54,38.86,"nope"
11.70,21.47,0.38,104.20,"nope"
10.30,23.80,1.70,52.54,"nope"
12.40,24.50,0.77,52.14,"nope"
6.66,25.58,0.86,30.33,"nope"
6.71,27.55,0.43,23.73,"nope"
7.14,27.33,0.76,39.42,"nope"
9.07,22.61,0.51,56.44,"nope"
8.75,27.18,2.22,27.49,"nope"
6.64,28.41,0.84,27.72,"nope"
11.42,19.75,0.83,88.65,"nope"
10.52,21.13,0.56,73.06,"nope"
11.58,21.80,1.00,130.36,"nope"
13.03,23.05,0.67,89.77,"nope"
12.56,21.43,0.61,63.24,"nope"
7.23,28.26,1.06,27.89,"nope"
6.12,27.84,1.30,32.37,"nope"
9.57,20.09,0.59,156.17,"nope"
7.28,24.41,0.64,78.77,"nope"
6.59,25.62,0.89,43.91,"nope"
14.44,20.94,0.80,135.58,"nope"
15.37,19.52,0.71,167.00,"nope"
7.97,25.93,0.58,42.73,"nope"
7.57,28.93,1.51,29.30,"nope"
8.33,27.63,0.18,59.85,"nope"
8.88,24.97,0.98,52.29,"nope"
9.46,27.53,1.26,54.13,"nope"
7.77,24.24,0.55,47.09,"nope"
10.53,23.63,0.57,96.26,"nope"
8.43,24.81,0.32,40.90,"nope"
6.25,29.37,0.72,25.39,"nope"
7.63,25.00,0.73,35.93,"nope"
8.03,27.25,0.79,45.52,"nope"
10.27,24.01,0.75,67.95,"nope"
11.40,22.94,1.23,77.00,"nope"
6.65,27.95,1.25,31.93,"nope"
13.50,24.34,1.28,118.20,"nope"
8.41,25.19,1.28,37.57,"nope"
9.38,29.15,1.36,26.87,"nope"
7.78,29.47,0.24,32.92,"nope"
7.47,28.49,0.54,49.04,"nope"
16.09,21.88,1.13,194.67,"nope"
16.55,23.48,1.54,87.21,"nope"
11.21,23.89,0.37,89.12,"nope"
10.52,24.63,1.06,68.81,"nope"
9.72,22.73,1.00,40.52,"nope"
10.19,26.14,0.64,31.51,"nope"
11.09,31.17,0.96,31.65,"nope"
7.56,24.45,0.90,46.29,"nope"
9.19,28.96,1.05,32.63,"nope"
11.41,22.92,1.39,58.79,"nope"
9.75,24.94,0.66,75.03,"nope"
8.04,28.00,1.40,34.77,"nope"
8.00,24.55,0.51,32.89,"nope"
1577.55,14.77,14.75,12423.66,"blow"
1807.75,17.40,122.25,16257.68,"blow"
2267.52,20.75,107.73,9622.68,"blow"
2020.73,19.64,170.63,14837.43,"blow"
2063.43,20.05,208.59,11158.08,"blow"
2182.44,21.50,199.25,10732.47,"blow"
2099.27,20.18,79.52,11663.41,"blow"
1952.29,19.49,167.43,12151.07,"blow"
2456.61,22.47,221.50,7870.81,"blow"
2143.16,19.79,72.01,10873.67,"blow"
2306.94,21.45,207.39,9412.64,"blow"
2067.38,19.18,127.19,11894.08,"blow"
2045.46,17.21,64.04,10445.79,"blow"
1960.83,19.97,104.36,12102.26,"blow"
1998.13,20.61,140.92,7956.62,"blow"
1687.32,20.64,20.88,7592.94,"blow"
2207.76,20.13,161.57,10710.41,"blow"
2074.67,20.06,142.70,8883.54,"blow"
2343.92,21.19,284.72,12802.77,"blow"
2055.98,19.07,204.89,12555.91,"blow"
1737.19,20.69,107.69,10682.17,"blow"
2281.17,20.20,163.29,9147.29,"blow"
2051.77,19.27,213.13,9740.99,"blow"
7.96,24.46,0.84,34.89,"nope"
7.74,26.31,0.34,31.10,"nope"
9.04,25.00,1.09,50.76,"nope"
8.82,25.33,0.81,41.94,"nope"
12.70,24.37,1.47,63.00,"nope"
11.36,26.28,0.52,69.58,"nope"
10.18,25.28,1.22,48.30,"nope"
7.78,27.86,0.60,28.21,"nope"
6.59,26.49,0.84,33.46,"nope"
7.15,27.93,0.41,34.89,"nope"
9.56,25.64,0.59,41.83,"nope"
10.38,24.16,1.39,52.25,"nope"
7.81,26.51,0.26,31.98,"nope"
7.33,29.84,1.60,37.46,"nope"
6.55,28.16,0.93,37.52,"nope"
11.71,26.15,1.03,53.57,"nope"
11.43,21.19,1.04,191.25,"nope"
10.03,23.69,1.06,68.81,"nope"
9.07,28.36,0.94,37.62,"nope"
1744.28,17.62,120.95,12068.20,"blow"
2053.34,19.93,196.83,14210.66,"blow"
2120.09,19.08,249.42,11305.41,"blow"
2013.51,19.77,89.57,13332.82,"blow"
1913.61,20.93,79.50,13128.89,"blow"
2250.74,21.38,238.82,11182.68,"blow"
2247.67,18.87,138.99,9712.48,"blow"
2304.22,21.40,216.32,10788.36,"blow"
2385.69,21.71,192.12,11247.36,"blow"
2137.09,20.08,49.24,10513.48,"blow"
1906.24,20.70,112.05,13462.62,"blow"
2177.34,21.82,167.06,11186.78,"blow"
1854.34,18.79,147.61,15512.59,"blow"
1911.26,19.56,238.34,13481.42,"blow"
1899.83,18.50,34.82,12834.86,"blow"
2052.87,22.46,106.90,11530.83,"blow"
2143.01,20.23,163.69,11918.71,"blow"
2018.69,20.52,140.45,10372.71,"blow"
1784.89,18.39,168.87,10682.99,"blow"
2032.95,19.30,199.56,12380.97,"blow"
1764.75,18.52,68.55,8484.96,"blow"
1882.09,18.64,87.20,7819.73,"blow"
1795.96,19.50,109.06,7807.68,"blow"
1739.61,19.95,56.39,10853.55,"blow"
1952.61,18.87,43.14,11511.45,"blow"
2050.07,17.86,63.08,10898.58,"blow"
1687.45,20.65,160.45,14332.50,"blow"
1786.77,18.57,34.95,12377.92,"blow"
10.96,24.71,1.00,42.05,"nope"
8.37,25.63,0.44,35.37,"nope"
8.34,24.99,0.94,33.08,"nope"
13.85,24.53,0.98,65.26,"nope"
10.76,22.72,0.16,57.05,"nope"
11.25,21.44,0.72,98.02,"nope"
11.06,21.90,1.13,68.71,"nope"
10.15,22.57,0.62,48.97,"nope"
9.52,24.04,1.04,31.14,"nope"
7.92,27.43,0.90,23.19,"nope"
15.64,26.62,1.35,57.74,"nope"
7.66,27.00,0.90,40.69,"nope"
6.83,28.28,1.69,31.06,"nope"
8.52,26.73,1.02,46.29,"nope"
10.70,23.38,1.22,137.10,"nope"
10.03,27.02,0.43,52.64,"nope"
9.24,25.42,0.68,38.29,"nope"
6.80,25.70,0.34,32.95,"nope"
8.15,24.28,0.15,60.91,"nope"
6.91,29.06,1.61,32.71,"nope"
12.14,29.29,1.38,54.56,"nope"
10.74,26.58,1.40,40.49,"nope"
10.18,19.44,0.52,125.51,"nope"
7.98,23.33,0.55,59.55,"nope"
6.49,25.56,0.41,39.75,"nope"
8.95,23.25,1.41,43.03,"nope"
10.50,26.19,0.67,38.69,"nope"
10.30,26.85,0.49,36.24,"nope"
11.98,27.34,1.83,41.01,"nope"
13.97,24.73,1.84,94.03,"nope"
11.81,27.86,0.79,49.62,"nope"
8.96,26.86,1.45,26.36,"nope"
11.48,27.50,1.02,38.86,"nope"
1546.26,15.28,137.34,13997.67,"blow"
1580.84,20.98,89.47,8809.59,"blow"
1818.49,18.74,47.63,11971.53,"blow"
2090.85,18.97,187.05,11038.31,"blow"
1661.26,18.36,168.39,10372.42,"blow"
1715.07,20.08,208.98,11110.10,"blow"
1720.41,17.80,7.87,8674.93,"blow"
1766.88,17.06,129.83,12413.07,"blow"
1742.68,18.30,54.53,7574.46,"blow"
1818.09,18.52,115.01,9114.62,"blow"
1516.30,19.14,88.88,12553.40,"blow"
1611.40,17.57,98.45,14547.69,"blow"
1989.25,21.19,288.32,8889.91,"blow"
1694.95,18.66,77.00,9137.27,"blow"
1894.56,19.69,110.94,14807.76,"blow"
2151.52,18.24,70.60,10965.68,"blow"
2098.44,19.71,106.12,12391.61,"blow"
2085.91,18.94,216.59,13151.10,"blow"
1312.15,14.41,22.59,8691.19,"blow"
1899.42,19.14,175.86,10334.83,"blow"
2111.57,18.98,63.59,11370.56,"blow"
1936.73,17.80,169.05,12896.89,"blow"
1521.25,18.67,80.21,8814.41,"blow"
1886.28,18.00,50.16,8685.66,"blow"
1947.69,17.59,42.69,13428.43,"blow"
7.73,25.98,1.06,27.13,"nope"
8.15,28.55,0.58,42.88,"nope"
7.92,23.37,0.81,51.51,"nope"
9.77,24.66,0.50,55.17,"nope"
8.58,23.65,0.60,43.52,"nope"
7.79,25.41,1.02,37.51,"nope"
8.00,27.16,1.35,27.72,"nope"
8.55,24.16,1.08,52.65,"nope"
8.98,21.14,0.78,42.31,"nope"
8.55,24.77,0.83,41.14,"nope"
7.81,23.77,0.28,41.66,"nope"
11.21,22.45,0.84,64.27,"nope"
7.15,26.22,0.53,29.85,"nope"
8.93,25.55,0.31,32.67,"nope"
8.25,29.14,1.94,34.69,"nope"
9.53,21.94,0.70,61.08,"nope"
14.06,20.82,1.09,110.73,"nope"
11.90,25.52,1.40,70.40,"nope"
11.71,24.51,1.64,92.80,"nope"
10.14,22.68,1.26,62.75,"nope"
8.40,23.69,1.07,44.87,"nope"
9.08,18.69,0.73,103.60,"nope"
11.15,19.44,0.42,81.90,"nope"
10.42,23.14,1.24,59.52,"nope"
9.62,22.17,0.13,62.74,"nope"
11.40,23.01,1.19,105.92,"nope"
8.55,23.22,0.54,45.74,"nope"
10.13,24.04,1.35,69.25,"nope"
10.36,20.43,0.35,88.28,"nope"
6.41,26.58,0.43,24.37,"nope"
9.29,23.03,0.29,49.20,"nope"
7.29,26.21,0.66,30.92,"nope"
6.66,26.96,0.25,31.66,"nope"
7.51,21.43,0.38,65.31,"nope"
7.02,26.15,0.56,22.13,"nope"
6.89,26.74,0.63,30.77,"nope"
7.67,26.29,1.23,33.81,"nope"
7.05,28.74,0.52,42.12,"nope"
9.92,26.11,0.82,53.16,"nope"
9.06,23.90,1.29,49.25,"nope"
7.32,27.70,1.37,42.21,"nope"
6.44,25.87,0.98,31.19,"nope"
7.19,27.55,0.97,38.28,"nope"
7.54,26.39,0.76,36.36,"nope"
6.97,28.01,0.96,33.02,"nope"
6.73,27.05,1.45,36.88,"nope"
7.47,25.73,0.13,53.38,"nope"
6.83,27.69,1.32,38.34,"nope"
9.55,27.10,1.30,49.10,"nope"
6.48,26.79,0.66,27.87,"nope"
7.46,27.80,1.13,48.35,"nope"
6.73,26.63,0.82,48.80,"nope"
6.77,26.24,0.47,32.68,"nope"
7.90,28.37,1.10,25.71,"nope"
10.33,23.03,0.51,77.64,"nope"
9.30,27.68,0.38,67.30,"nope"
10.06,23.28,0.84,50.76,"nope"
12.84,23.75,0.69,48.20,"nope"
14.69,23.26,0.91,60.46,"nope"
11.76,28.72,2.43,36.67,"nope"
7.79,26.79,0.63,39.98,"nope"
7.89,27.39,1.53,29.88,"nope"
9.34,26.93,0.96,33.39,"nope"
10.58,27.56,1.29,48.54,"nope"
9.13,22.82,0.72,49.24,"nope"
7.49,26.99,1.68,35.09,"nope"
10.14,22.45,0.19,53.31,"nope"
9.50,27.97,0.61,30.27,"nope"
11.48,23.56,1.34,78.71,"nope"
9.04,23.19,0.42,51.21,"nope"
7.81,23.05,0.96,55.18,"nope"
7.20,26.64,0.69,24.30,"nope"
8.29,27.44,0.68,38.11,"nope"
7.53,23.74,0.52,40.00,"nope"
9.04,28.51,0.70,27.33,"nope"
9.11,25.08,0.99,39.14,"nope"
9.80,25.15,0.42,39.31,"nope"
8.46,24.48,1.19,45.89,"nope"
8.20,26.67,1.41,29.26,"nope"
10.18,23.82,1.03,70.41,"nope"
11.87,22.62,1.36,90.84,"nope"
8.22,27.92,1.16,38.85,"nope"
7.91,25.90,1.48,45.23,"nope"
6.91,26.16,0.54,24.54,"nope"
8.26,29.83,1.10,38.41,"nope"
9.31,25.26,0.73,35.56,"nope"
9.60,24.10,0.43,43.74,"nope"
13.40,19.10,1.18,136.18,"nope"
14.35,22.99,2.34,109.95,"nope"
10.71,28.91,1.34,48.36,"nope"
14.22,23.42,1.47,138.82,"nope"
8.29,25.47,0.76,33.22,"nope"
10.25,22.92,1.96,112.32,"nope"
16.05,17.42,0.21,209.12,"nope"
17.87,20.96,1.05,228.09,"nope"
22.52,23.60,0.44,133.51,"nope"
18.21,24.74,0.59,85.49,"nope"
17.53,25.94,0.50,98.31,"nope"
13.92,26.19,1.06,40.74,"nope"
7.42,26.94,0.13,31.91,"nope"
8.89,22.94,0.50,95.37,"nope"
7.09,24.62,1.05,25.34,"nope"
25.06,24.17,0.89,249.88,"nope"
12.71,24.32,1.41,72.54,"nope"
14.17,22.65,1.49,155.55,"nope"
14.75,22.16,2.49,78.80,"nope"
14.67,22.53,0.97,87.96,"nope"
11.25,21.70,0.98,71.88,"nope"
11.92,20.10,0.98,77.27,"nope"
14.87,25.59,1.75,55.28,"nope"
22.69,20.50,0.82,127.38,"nope"
16.98,23.18,1.57,197.65,"nope"
14.39,23.34,1.92,186.56,"nope"
13.64,21.68,0.78,81.11,"nope"
14.12,21.58,1.51,97.20,"nope"
9.86,27.23,0.87,34.88,"nope"
9.54,25.51,0.26,57.96,"nope"
18.98,24.61,0.28,170.16,"nope"
20.78,20.67,1.46,195.80,"nope"
16.32,19.11,1.42,150.57,"nope"
15.96,17.98,0.78,163.11,"nope"
11.27,23.44,0.81,69.19,"nope"
14.29,19.72,1.55,110.76,"nope"
12.56,24.64,2.28,43.83,"nope"
16.81,18.76,1.09,151.25,"nope"
11.65,23.61,0.79,59.66,"nope"
11.10,21.00,0.52,94.82,"nope"
12.41,21.47,0.77,104.07,"nope"
16.91,17.18,1.23,165.33,"nope"
18.79,15.90,1.33,171.30,"nope"
13.41,18.22,1.35,204.99,"nope"
18.72,15.51,0.29,125.57,"nope"
40.99,12.85,1.03,440.37,"nope"
34.07,13.69,1.73,355.60,"nope"
26.98,18.10,1.38,248.65,"nope"
14.37,22.94,1.12,116.88,"nope"
18.95,15.61,0.44,182.17,"nope"
16.21,16.86,1.53,169.46,"nope"
16.96,16.35,1.83,162.57,"nope"
12.78,17.24,0.39,213.38,"nope"
10.90,20.95,0.94,142.49,"nope"
10.11,23.02,1.21,48.51,"nope"
19.19,18.49,0.17,158.17,"nope"
23.80,14.78,0.86,522.49,"nope"
16.48,15.31,1.04,140.42,"nope"
20.55,14.53,0.73,400.17,"nope"
31.24,11.03,1.36,757.37,"nope"
30.27,13.92,1.34,496.69,"nope"
18.28,18.46,1.07,145.23,"nope"
24.73,13.59,1.14,428.24,"nope"
15.93,15.35,0.28,245.67,"nope"
20.33,17.67,1.49,249.13,"nope"
19.35,17.70,2.64,308.40,"nope"
12.85,19.54,1.00,118.95,"nope"
15.66,17.40,1.29,184.08,"nope"
24.08,14.45,1.04,227.02,"nope"
19.33,15.85,1.13,294.92,"nope"
50.52,8.53,0.57,825.60,"nope"
17.89,14.76,1.56,254.20,"nope"
13.44,21.16,0.13,96.45,"nope"
20.42,15.33,1.94,409.46,"nope"
25.22,17.86,1.12,215.09,"nope"
11.29,23.77,1.42,93.13,"nope"
11.92,21.08,0.75,127.50,"nope"
18.62,20.08,0.45,118.66,"nope"
18.01,15.41,0.37,298.69,"nope"
13.92,16.34,0.59,186.39,"nope"
14.84,15.67,0.13,251.17,"nope"
17.45,16.02,0.28,191.44,"nope"
18.96,22.69,0.07,111.69,"nope"
17.18,18.67,0.02,112.59,"nope"
18.46,18.86,0.94,158.35,"nope"
18.89,24.40,0.62,164.16,"nope"
20.95,22.15,1.00,194.16,"nope"
11.01,21.98,0.21,119.27,"nope"
12.87,20.46,2.73,147.77,"nope"
12.67,20.13,0.97,140.50,"nope"
15.00,17.89,0.69,89.19,"nope"
14.38,20.39,1.64,95.82,"nope"
19.13,22.65,1.84,161.27,"nope"
22.68,19.43,1.15,221.38,"nope"
20.29,21.69,1.18,152.29,"nope"
14.36,17.48,0.41,230.26,"nope"
17.20,15.38,1.37,164.29,"nope"
16.07,15.53,1.55,339.27,"nope"
11.94,18.42,1.37,165.32,"nope"
26.21,16.34,1.11,189.83,"nope"
26.58,17.42,0.22,156.10,"nope"
25.12,16.15,1.48,236.03,"nope"
18.19,16.42,1.22,137.91,"nope"
18.07,17.61,0.97,139.16,"nope"
23.55,16.34,0.60,154.12,"nope"
23.77,13.83,1.32,293.88,"nope"
29.61,15.41,1.21,243.85,"nope"
25.80,17.53,0.49,335.93,"nope"
17.68,18.29,0.36,226.87,"nope"
22.30,16.34,0.50,131.26,"nope"
21.71,21.56,0.33,185.40,"nope"
13.37,16.90,1.09,104.79,"nope"
14.60,18.56,0.78,148.22,"nope"
15.23,20.24,1.52,84.40,"nope"
17.43,20.28,1.45,112.40,"nope"
15.17,20.88,1.60,97.18,"nope"
10.46,21.37,1.17,51.55,"nope"
11.09,20.54,1.68,56.54,"nope"
11.65,20.85,1.11,87.02,"nope"
13.25,21.42,0.23,62.60,"nope"
21.32,21.99,1.02,120.48,"nope"
20.00,19.43,1.21,97.73,"nope"
19.79,17.87,1.12,126.83,"nope"
21.88,19.94,1.04,109.08,"nope"
15.18,22.53,2.00,71.30,"nope"
1038.47,19.10,68.51,7296.78,"blow"
2182.58,21.93,247.86,9275.25,"blow"
2231.39,19.99,330.00,10398.92,"blow"
2344.89,20.99,161.49,9306.48,"blow"
2149.50,20.75,99.99,10743.04,"blow"
2170.71,21.31,80.78,12343.17,"blow"
2244.32,20.91,171.43,9552.93,"blow"
2104.59,20.85,173.45,12213.45,"blow"
2221.09,24.95,246.27,6879.63,"blow"
2373.82,22.09,126.54,9123.42,"blow"
2200.78,21.68,292.70,15936.96,"blow"
2395.62,22.87,214.56,9132.31,"blow"
2295.60,22.51,123.20,10274.85,"blow"
2414.32,22.14,454.68,11064.63,"blow"
2632.84,22.20,169.58,8868.31,"blow"
23.78,14.14,1.01,482.56,"nope"
23.41,18.73,2.01,326.41,"nope"
16.01,21.80,1.84,100.16,"nope"
12.43,22.37,1.45,67.24,"nope"
20.76,23.73,0.65,97.75,"nope"
19.29,20.43,1.91,126.73,"nope"
14.90,18.18,0.59,119.09,"nope"
17.26,15.79,0.14,148.21,"nope"
21.40,16.16,0.57,181.87,"nope"
23.13,17.86,1.03,182.87,"nope"
13.18,22.01,0.80,65.74,"nope"
17.33,18.95,1.70,124.99,"nope"
12.89,20.08,1.63,124.29,"nope"
19.86,20.02,0.51,117.14,"nope"
20.71,19.86,2.30,112.38,"nope"
23.40,15.19,0.73,440.03,"nope"
13.26,20.59,0.88,111.94,"nope"
26.50,10.89,0.83,502.45,"nope"
20.47,12.99,0.46,438.64,"nope"
15.82,17.55,0.85,170.04,"nope"
19.84,20.99,0.52,165.42,"nope"
12.48,21.03,0.29,163.31,"nope"
11.89,19.71,1.19,79.91,"nope"
26.83,9.71,0.54,679.22,"nope"
18.87,14.60,0.77,347.51,"nope"
18.05,19.34,1.11,123.55,"nope"
17.20,17.02,0.95,90.41,"nope"
13.82,22.12,0.16,86.44,"nope"
19.71,19.52,0.49,122.81,"nope"
22.36,17.81,1.54,196.75,"nope"
1397.04,16.39,119.93,12631.80,"blow"
1929.76,18.18,24.68,12237.65,"blow"
1999.68,17.75,94.08,15689.99,"blow"
1958.01,19.31,193.39,14997.83,"blow"
1873.54,19.10,17.14,11453.69,"blow"
1742.72,16.51,120.22,10225.76,"blow"
1575.64,15.77,78.05,12672.24,"blow"
1758.16,17.78,65.75,11145.86,"blow"
1529.27,19.90,91.89,7759.91,"blow"
1327.10,17.10,146.24,14672.59,"blow"
1497.59,16.09,123.86,15543.81,"blow"
1467.89,17.35,58.68,9082.49,"blow"
1660.87,18.03,119.28,16973.87,"blow"
2003.96,17.85,264.09,11662.76,"blow"
1432.03,15.35,39.68,14267.09,"blow"
1660.69,16.39,86.78,16005.27,"blow"
11.33,24.09,0.85,102.73,"nope"
23.47,30.40,5.24,105.83,"nope"
21.71,20.23,1.03,168.50,"nope"
13.21,22.33,1.29,100.17,"nope"
12.70,17.83,0.19,120.85,"nope"
19.09,19.09,2.91,153.37,"nope"
19.77,20.34,0.46,98.72,"nope"
28.22,18.71,1.15,232.01,"nope"
17.24,23.89,0.92,125.71,"nope"
15.63,19.77,0.78,258.69,"nope"
9.48,25.14,1.23,33.74,"nope"
9.69,23.10,0.56,44.15,"nope"
9.33,23.91,1.00,42.72,"nope"
23.27,15.72,1.15,371.35,"nope"
18.53,21.21,1.58,119.62,"nope"
13.07,18.82,0.60,135.27,"nope"
20.69,18.31,1.78,150.08,"nope"
25.49,19.19,0.31,170.82,"nope"
28.22,21.88,1.69,150.03,"nope"
17.68,24.12,2.25,98.43,"nope"
11.46,23.68,1.07,48.21,"nope"
8.95,23.21,1.94,58.59,"nope"
11.44,22.56,0.96,85.67,"nope"
8.60,24.31,1.69,48.88,"nope"
9.09,25.52,1.59,35.78,"nope"
20.37,18.01,0.82,177.43,"nope"
22.52,21.78,0.34,171.73,"nope"
19.20,18.65,0.37,192.33,"nope"
16.97,22.32,0.89,127.17,"nope"
12.97,20.55,1.19,88.80,"nope"
10.63,20.77,1.14,54.96,"nope"
13.46,21.28,1.90,101.62,"nope"
16.47,23.05,0.80,137.02,"nope"
16.57,21.51,1.50,203.92,"nope"
17.70,19.07,1.25,157.59,"nope"
12.52,19.91,1.23,142.68,"nope"
10.51,24.08,1.18,74.63,"nope"
8.93,25.05,1.04,69.37,"nope"
9.99,21.33,0.37,79.25,"nope"
12.02,23.84,0.77,66.96,"nope"
19.26,17.39,1.62,211.75,"nope"
21.47,23.45,1.07,165.89,"nope"
22.51,24.69,0.88,158.63,"nope"
12.16,23.88,0.43,84.76,"nope"
10.68,23.68,0.18,38.03,"nope"
11.90,23.05,0.57,58.62,"nope"
14.96,18.91,1.00,96.71,"nope"
15.65,20.69,1.19,134.14,"nope"
13.23,19.87,1.33,114.80,"nope"
12.81,18.59,0.12,106.66,"nope"
1006.95,12.83,10.87,10966.85,"blow"
1579.90,14.63,61.92,11830.90,"blow"
926.51,13.79,30.75,8527.03,"blow"
1239.98,13.29,29.22,14886.61,"blow"
1004.46,12.12,46.38,12306.51,"blow"
1435.43,13.92,31.12,13236.75,"blow"
1631.00,16.34,66.79,11014.44,"blow"
1393.13,17.18,162.22,9635.93,"blow"
1457.35,15.34,104.46,14163.07,"blow"
1352.31,14.22,69.06,13503.11,"blow"
1687.68,18.00,257.85,8309.75,"blow"
1564.06,17.03,77.18,8075.61,"blow"
14.67,21.34,1.50,117.79,"nope"
24.62,16.72,2.51,190.22,"nope"
18.98,19.50,0.80,176.36,"nope"
17.42,22.08,0.49,95.78,"nope"
13.33,21.01,0.86,93.62,"nope"
11.16,19.98,0.30,82.95,"nope"
14.27,28.55,1.27,86.92,"nope"
13.83,21.89,1.11,207.83,"nope"
9.30,26.37,0.94,45.63,"nope"
13.61,18.94,1.01,145.41,"nope"
21.76,23.74,0.53,211.39,"nope"
10.44,23.47,0.52,69.82,"nope"
19.61,23.09,1.23,207.00,"nope"
17.20,21.51,1.73,331.42,"nope"
17.44,21.60,0.95,93.64,"nope"
17.69,26.20,0.42,79.51,"nope"
19.87,29.41,2.23,118.52,"nope"
19.60,24.94,2.56,211.52,"nope"
8.01,26.64,2.04,40.66,"nope"
10.53,25.21,1.25,71.91,"nope"
11.77,20.92,2.22,134.50,"nope"
15.00,22.68,1.76,142.46,"nope"
13.37,21.90,1.44,100.23,"nope"
8.58,25.95,0.78,32.36,"nope"
11.81,24.94,1.43,113.35,"nope"
15.71,21.77,0.99,92.87,"nope"
16.83,17.88,0.91,225.38,"nope"
19.05,20.32,1.30,169.79,"nope"
26.36,17.85,1.01,333.10,"nope"
21.15,22.25,2.26,97.47,"nope"
20.37,19.27,1.77,264.05,"nope"
21.81,22.82,2.22,131.62,"nope"
18.35,21.45,1.34,218.33,"nope"
11.25,24.37,0.91,75.81,"nope"
12.59,19.72,0.09,163.08,"nope"
14.53,20.96,1.23,130.96,"nope"
19.58,21.60,1.57,110.28,"nope"
18.49,21.47,0.57,98.03,"nope"
14.00,19.31,0.85,91.94,"nope"
17.30,26.56,1.62,65.59,"nope"
20.46,24.53,1.43,107.70,"nope"
15.28,26.03,2.55,77.69,"nope"
10.42,26.95,1.52,32.36,"nope"
12.80,24.36,0.61,83.55,"nope"
20.20,24.05,1.92,144.25,"nope"
20.52,23.33,0.46,126.33,"nope"
15.91,24.65,0.73,83.76,"nope"
11.04,23.81,1.09,60.48,"nope"
8.46,24.14,0.70,45.56,"nope"
8.93,20.34,0.59,82.54,"nope"
10.42,28.37,1.36,33.20,"nope"
19.11,25.32,1.66,170.82,"nope"
11.80,22.55,0.41,59.53,"nope"
11.14,27.32,1.54,67.97,"nope"
19.63,27.96,1.11,100.79,"nope"
19.02,24.87,0.95,151.04,"nope"
14.19,24.19,0.70,74.97,"nope"
20.86,28.40,1.35,143.69,"nope"
18.33,28.80,0.58,83.78,"nope"
16.40,29.63,0.96,57.98,"nope"
13.75,21.89,1.68,97.00,"nope"
9.35,20.72,0.20,62.77,"nope"
6.04,29.59,0.66,21.26,"nope"
8.49,24.95,1.16,58.92,"nope"
8.47,21.96,1.08,69.32,"nope"
9.79,23.62,1.33,60.80,"nope"
8.45,26.71,0.49,31.46,"nope"
9.66,24.15,0.29,64.70,"nope"
11.29,22.79,0.44,94.79,"nope"
15.25,22.12,1.01,128.34,"nope"
12.21,23.82,1.75,69.53,"nope"
9.31,24.12,1.05,47.98,"nope"
13.28,19.22,0.39,127.67,"nope"
10.42,24.18,1.33,71.56,"nope"
11.15,21.74,0.39,132.39,"nope"
13.97,22.02,0.38,149.68,"nope"
1306.93,14.84,62.49,9069.08,"blow"
959.95,14.07,63.43,11173.69,"blow"
1046.70,15.15,54.78,7514.08,"blow"
1125.65,16.00,30.97,7740.34,"blow"
1462.22,15.66,75.57,8003.60,"blow"
1030.47,13.24,40.40,6921.82,"blow"
1234.74,12.98,43.19,12708.35,"blow"
880.55,10.71,24.16,10651.20,"blow"
939.73,10.45,30.88,13340.30,"blow"
1043.00,12.04,22.03,11453.11,"blow"
1341.04,14.33,42.11,12610.09,"blow"
1397.99,15.40,78.62,10475.89,"blow"
1267.68,14.98,14.75,10759.21,"blow"
1358.74,14.40,39.03,9951.55,"blow"
1388.77,12.69,43.44,11369.70,"blow"
1156.62,15.43,57.67,10561.47,"blow"
1684.49,15.83,48.96,11050.78,"blow"
16.68,25.81,0.75,97.92,"nope"
19.24,20.03,1.48,110.86,"nope"
11.98,26.67,1.51,41.85,"nope"
10.52,24.29,1.44,72.12,"nope"
16.75,30.51,1.26,74.00,"nope"
17.88,36.06,0.84,92.71,"nope"
13.50,33.86,1.34,43.97,"nope"
14.60,31.13,1.16,55.99,"nope"
10.40,25.52,1.77,84.69,"nope"
14.89,22.63,1.66,114.69,"nope"
12.68,24.63,0.55,109.43,"nope"
15.95,23.87,0.60,127.43,"nope"
18.75,23.58,0.68,108.21,"nope"
21.05,26.06,0.31,149.80,"nope"
21.89,23.62,1.16,118.52,"nope"
14.47,26.44,2.05,67.36,"nope"
19.60,20.51,1.51,202.86,"nope"
1484.51,14.58,43.64,12604.99,"blow"
1915.74,18.50,123.01,13913.97,"blow"
1762.84,16.85,30.50,8663.21,"blow"
1672.18,15.11,25.61,9418.06,"blow"
2005.41,18.06,41.26,10615.78,"blow"
1780.99,18.24,132.06,9222.88,"blow"
1674.20,17.07,37.51,10494.01,"blow"
1694.94,14.91,14.29,9953.34,"blow"
1764.36,16.13,82.91,12358.04,"blow"
1937.84,18.07,81.30,12553.01,"blow"
2267.64,20.51,109.30,10695.19,"blow"
1859.96,17.95,5.25,12306.11,"blow"
1889.96,18.64,274.66,13963.21,"blow"
1802.01,18.64,167.51,10826.53,"blow"
2066.07,19.86,89.16,12620.30,"blow"
1621.09,16.41,111.04,13376.24,"blow"
1862.12,18.13,131.56,10968.11,"blow"
1414.15,16.63,119.75,8179.56,"blow"
1654.89,15.60,63.37,15744.30,"blow"
1801.38,16.51,108.33,9781.50,"blow"
2011.00,20.94,119.63,8472.95,"blow"
1857.67,18.21,85.40,11519.50,"blow"
2016.49,18.50,108.64,9096.76,"blow"
1811.52,16.24,48.20,9306.83,"blow"
1591.17,17.00,93.80,12416.60,"blow"
1748.31,16.54,76.10,12235.79,"blow"
2000.24,17.95,13.71,11003.87,"blow"
12.81,23.43,0.75,159.34,"nope"
15.53,19.40,1.24,141.78,"nope"
14.46,24.19,1.63,90.11,"nope"
19.47,25.77,1.87,117.36,"nope"
23.91,18.71,0.50,147.01,"nope"
14.38,21.33,1.08,71.78,"nope"
21.20,21.62,1.53,107.32,"nope"
23.98,25.14,2.15,124.77,"nope"
19.49,27.17,1.91,183.02,"nope"
18.72,26.10,0.79,163.90,"nope"
20.12,28.75,0.87,136.91,"nope"
19.73,24.93,0.04,144.49,"nope"
18.98,25.86,0.72,138.31,"nope"
18.37,25.01,1.54,127.11,"nope"
21.89,24.50,1.17,151.36,"nope"
17.22,25.75,0.75,126.68,"nope"
19.15,25.33,1.33,117.09,"nope"
17.91,24.43,0.92,172.16,"nope"
17.66,23.91,1.74,190.66,"nope"
17.30,25.69,2.05,169.95,"nope"
15.59,26.45,0.77,167.82,"nope"
15.92,24.88,1.04,160.72,"nope"
16.49,25.13,0.61,157.86,"nope"
14.26,25.54,1.73,129.76,"nope"
14.38,33.04,0.30,83.50,"nope"
15.46,33.17,1.71,102.97,"nope"
18.88,28.66,2.67,89.95,"nope"
20.62,24.56,0.68,179.21,"nope"
14.62,26.80,1.29,90.14,"nope"
12.71,26.98,0.94,97.82,"nope"
9.29,30.42,0.97,41.33,"nope"
11.93,23.42,1.29,80.25,"nope"
12.49,19.86,0.83,114.70,"nope"
12.91,25.42,0.61,110.26,"nope"
14.11,23.20,0.64,114.94,"nope"
15.55,24.00,1.75,148.52,"nope"
19.12,22.14,1.47,309.16,"nope"
13.19,22.93,2.09,84.27,"nope"
22.31,20.86,0.89,218.23,"nope"
19.55,21.02,1.73,234.63,"nope"
21.08,21.27,0.85,261.20,"nope"
19.78,23.52,1.08,227.36,"nope"
18.89,21.52,0.20,138.55,"nope"
16.03,23.09,0.78,112.09,"nope"
14.56,24.13,1.09,81.09,"nope"
14.42,21.74,0.70,81.05,"nope"
14.45,24.35,0.79,47.52,"nope"
20.89,23.26,0.14,148.88,"nope"
24.55,24.17,2.03,158.18,"nope"
19.20,25.05,1.61,111.34,"nope"
18.26,27.65,1.06,80.11,"nope"
1381.74,18.17,33.74,9177.18,"blow"
1569.14,16.03,82.11,10147.33,"blow"
1542.33,15.43,122.44,14697.05,"blow"
1628.85,18.31,153.12,15002.08,"blow"
1139.84,15.52,34.12,10542.22,"blow"
1694.18,16.90,75.62,11395.16,"blow"
1927.62,18.25,87.69,13090.51,"blow"
1670.60,19.14,165.16,7771.68,"blow"
1464.73,18.53,60.17,8313.14,"blow"
1543.56,15.80,66.30,14365.27,"blow"
1772.62,17.02,84.48,11506.20,"blow"
1775.32,17.62,149.90,11146.80,"blow"
1490.71,14.35,14.13,16052.06,"blow"
1413.28,14.73,60.96,11272.79,"blow"
1543.74,16.64,80.66,10403.88,"blow"
1313.35,18.55,58.38,7547.90,"blow"
1938.03,17.88,128.60,11645.55,"blow"
2089.48,17.99,132.77,11633.27,"blow"
1717.19,16.17,64.23,9971.60,"blow"
1563.49,15.74,93.42,13564.65,"blow"
1703.10,17.51,144.75,12363.49,"blow"
1918.77,19.94,46.91,10345.99,"blow"
2041.63,18.61,198.37,11849.21,"blow"
2092.99,19.58,161.16,9172.03,"blow"
9.58,21.38,0.09,82.08,"nope"
14.75,16.82,0.31,251.78,"nope"
9.65,20.08,0.65,90.90,"nope"
12.47,19.96,0.50,113.70,"nope"
16.05,16.98,0.78,291.74,"nope"
17.88,15.77,1.03,226.51,"nope"
14.15,18.24,0.92,211.17,"nope"
10.11,22.50,1.37,65.73,"nope"
17.72,16.98,0.55,289.18,"nope"
23.32,15.22,0.56,420.34,"nope"
17.50,16.25,0.58,237.53,"nope"
21.59,14.37,2.66,412.33,"nope"
13.59,16.65,0.21,206.35,"nope"
13.32,18.16,0.55,107.15,"nope"
16.82,19.24,1.04,213.98,"nope"
20.30,16.80,1.92,270.53,"nope"
21.83,12.88,0.16,524.45,"nope"
16.48,16.62,1.03,211.62,"nope"
14.68,19.55,0.72,163.71,"nope"
15.51,21.28,2.34,154.73,"nope"
19.58,17.29,0.46,397.35,"nope"
16.16,18.55,0.24,218.55,"nope"
12.81,21.37,1.91,112.97,"nope"
16.79,14.66,0.59,267.45,"nope"
10.39,21.24,0.24,144.80,"nope"
12.96,18.21,0.71,125.10,"nope"
18.29,18.63,0.96,290.46,"nope"
14.11,15.30,1.05,198.35,"nope"
14.10,21.97,1.85,127.03,"nope"
14.53,20.38,0.83,88.70,"nope"
8.69,24.22,0.32,48.64,"nope"
21.31,20.11,1.71,141.90,"nope"
17.77,21.60,1.45,187.08,"nope"
18.50,21.85,1.96,145.84,"nope"
13.94,22.11,0.95,89.39,"nope"
12.13,20.62,0.23,72.50,"nope"
12.69,24.76,0.39,57.08,"nope"
17.75,20.08,1.88,200.50,"nope"
18.80,18.21,0.21,213.51,"nope"
12.92,23.27,1.25,103.62,"nope"
19.51,23.19,2.71,140.28,"nope"
19.52,22.04,1.20,218.27,"nope"
14.23,26.39,1.77,114.44,"nope"
13.66,21.35,1.61,93.43,"nope"
9.15,25.86,0.21,66.09,"nope"
11.09,20.36,1.15,75.20,"nope"
11.90,19.32,0.33,136.29,"nope"
19.66,16.65,1.24,175.62,"nope"
17.73,17.56,1.53,172.21,"nope"
19.43,23.58,2.14,243.38,"nope"
20.32,21.85,1.45,210.07,"nope"
36.89,14.40,1.99,685.06,"nope"
31.37,13.20,0.68,435.67,"nope"
27.29,15.77,1.40,470.64,"nope"
25.92,16.51,2.22,303.38,"nope"
35.20,13.54,1.46,550.77,"nope"
21.57,17.91,1.95,283.93,"nope"
17.38,23.37,0.63,97.38,"nope"
11.56,24.73,1.33,55.73,"nope"
10.86,25.01,1.01,46.62,"nope"
17.69,22.34,0.64,103.36,"nope"
8.89,23.72,1.08,51.28,"nope"
7.81,25.20,1.12,49.01,"nope"
21.21,20.86,2.02,257.12,"nope"
24.50,14.58,1.43,382.54,"nope"
20.70,17.29,0.71,302.29,"nope"
13.79,18.62,0.61,190.68,"nope"
10.73,21.04,1.58,91.38,"nope"
24.67,18.29,3.13,244.30,"nope"
25.47,18.08,0.41,324.32,"nope"
20.00,20.30,1.37,185.87,"nope"
17.59,19.55,0.63,196.11,"nope"
25.71,24.90,1.51,100.16,"nope"
21.43,24.53,2.25,109.52,"nope"
18.38,23.82,1.36,86.17,"nope"
22.52,28.57,1.55,80.34,"nope"
20.07,27.57,2.30,110.13,"nope"
20.88,26.47,1.77,94.97,"nope"
24.83,27.98,3.90,109.64,"nope"
19.74,22.37,1.59,173.53,"nope"
25.23,20.59,0.25,130.43,"nope"
20.02,25.15,1.27,80.73,"nope"
21.62,23.94,1.17,89.53,"nope"
20.82,24.54,0.74,123.63,"nope"
14.78,23.05,1.00,90.04,"nope"
11.52,23.59,1.86,73.72,"nope"
21.49,32.71,2.13,58.84,"nope"
24.34,25.93,3.33,142.31,"nope"
26.48,25.26,3.56,148.92,"nope"
24.26,18.74,1.62,284.29,"nope"
20.12,24.05,1.51,198.87,"nope"
14.60,17.97,0.06,287.91,"nope"
22.40,17.70,1.95,467.62,"nope"
21.25,13.58,0.81,607.08,"nope"
21.73,13.70,0.79,542.70,"nope"
26.60,15.10,0.66,523.33,"nope"
24.65,22.72,4.70,149.52,"nope"
13.75,21.62,0.52,71.09,"nope"
17.88,14.70,0.41,263.74,"nope"
26.81,16.41,1.38,376.23,"nope"
22.51,14.24,2.16,361.44,"nope"
16.97,16.50,1.10,281.19,"nope"
32.00,18.20,0.54,234.89,"nope"
24.15,20.97,0.57,138.98,"nope"
17.96,24.41,0.33,105.27,"nope"
24.63,24.50,3.64,241.70,"nope"
20.50,17.54,1.11,250.61,"nope"
19.94,21.40,0.72,146.53,"nope"
44.83,11.01,1.82,1056.77,"nope"
25.19,21.42,0.90,125.18,"nope"
15.34,28.91,1.17,61.29,"nope"
13.35,20.80,1.52,283.75,"nope"
24.50,12.57,1.08,580.25,"nope"
23.51,12.58,0.51,530.92,"nope"
20.12,11.76,0.42,425.35,"nope"
17.61,16.81,2.03,326.17,"nope"
14.15,20.44,0.34,234.33,"nope"
13.22,21.68,0.44,105.76,"nope"
36.94,11.76,0.85,653.08,"nope"
13.38,21.99,2.75,136.97,"nope"
12.92,17.15,0.50,134.99,"nope"
24.71,19.06,1.86,240.56,"nope"
27.02,24.09,3.17,262.42,"nope"
14.59,27.17,2.65,59.66,"nope"
16.29,20.44,0.47,132.61,"nope"
19.89,18.33,0.97,134.03,"nope"
19.09,17.63,1.26,225.56,"nope"
21.66,19.58,2.08,145.43,"nope"
31.38,18.06,2.23,450.51,"nope"
30.91,16.41,1.17,483.26,"nope"
26.18,17.59,1.12,399.38,"nope"
25.30,15.46,0.75,525.65,"nope"
24.42,15.09,0.20,286.90,"nope"
30.30,16.38,1.68,318.90,"nope"
23.86,23.20,2.81,173.87,"nope"
15.58,25.15,2.47,75.51,"nope"
49.12,10.45,1.80,1292.45,"nope"
28.63,16.60,2.23,407.79,"nope"
42.20,10.91,0.67,812.35,"nope"
29.79,15.51,3.42,624.43,"nope"
30.54,20.36,2.53,439.86,"nope"
22.40,23.08,0.81,215.21,"nope"
24.80,23.42,0.73,110.29,"nope"
24.21,22.19,1.87,127.00,"nope"
21.52,30.27,1.00,124.77,"nope"
24.23,23.82,2.67,123.82,"nope"
15.59,24.28,0.49,86.09,"nope"
19.24,25.24,0.67,169.53,"nope"
23.78,25.93,4.66,87.98,"nope"
18.36,24.08,1.06,133.97,"nope"
21.77,24.39,2.00,89.70,"nope"
22.12,21.98,1.28,230.87,"nope"
25.34,22.10,0.86,237.59,"nope"
16.39,26.23,0.71,142.36,"nope"
27.44,20.88,2.95,260.49,"nope"
1855.65,18.08,228.11,9582.57,"blow"
1183.03,14.23,73.39,9151.01,"blow"
1683.16,16.95,92.51,13016.19,"blow"
1347.86,15.48,60.01,10181.38,"blow"
1366.04,14.45,40.61,9868.96,"blow"
1587.69,20.93,206.27,9184.22,"blow"
1889.31,22.20,291.06,7617.81,"blow"
2145.30,19.72,346.85,10595.10,"blow"
1866.83,23.40,88.88,11866.63,"blow"
1961.08,20.05,113.06,10407.86,"blow"
1916.95,18.04,214.23,14985.53,"blow"
1763.39,17.69,208.04,16979.38,"blow"
18.18,22.68,2.44,109.75,"nope"
21.88,20.90,0.90,164.72,"nope"
24.65,19.11,0.57,282.76,"nope"
22.30,27.13,0.87,133.45,"nope"
19.59,24.08,0.97,192.57,"nope"
26.53,18.98,1.11,445.62,"nope"
23.59,23.07,1.92,163.20,"nope"
19.36,20.65,0.57,225.32,"nope"
22.12,23.19,0.65,274.13,"nope"
23.43,22.52,0.97,271.32,"nope"
20.52,29.32,0.68,128.56,"nope"
22.09,22.46,0.73,221.38,"nope"
22.48,18.80,1.71,224.29,"nope"
23.27,30.56,0.61,164.88,"nope"
15.42,23.55,1.83,103.08,"nope"
1166.21,11.96,43.59,15304.67,"blow"
651.60,11.72,15.72,7357.79,"blow"
831.58,10.48,19.23,10020.78,"blow"
767.16,12.80,12.04,5663.77,"blow"
1097.89,10.73,11.45,15991.47,"blow"
468.33,9.60,14.86,6211.06,"blow"
453.67,9.10,7.92,6724.93,"blow"
685.08,8.10,5.01,11363.22,"blow"
884.41,9.59,20.84,14201.54,"blow"
690.30,11.37,30.04,9620.47,"blow"
513.70,11.29,7.26,4085.35,"blow"
950.36,11.32,32.98,12298.34,"blow"
641.67,10.06,12.65,6854.56,"blow"
1116.65,11.36,27.20,13294.21,"blow"
816.38,9.92,15.83,10562.96,"blow"
1169.15,12.65,20.19,8522.54,"blow"
17.41,26.11,2.42,142.55,"nope"
18.77,24.95,3.07,171.60,"nope"
13.69,23.60,0.36,76.05,"nope"
15.68,26.05,1.85,73.60,"nope"
23.53,16.34,0.91,293.45,"nope"
12.98,19.16,1.56,96.25,"nope"
1211.46,11.11,26.12,14108.59,"blow"
1194.29,15.75,38.77,8943.97,"blow"
1172.06,15.61,85.76,13248.47,"blow"
1666.38,16.70,153.74,10000.33,"blow"
1641.00,15.33,87.58,14105.93,"blow"
1643.14,16.41,163.18,10100.14,"blow"
1160.29,12.58,39.76,11166.98,"blow"
1288.37,13.19,58.84,13909.51,"blow"
1248.71,14.61,56.32,8566.71,"blow"
850.30,13.38,19.01,5894.32,"blow"
1205.97,12.24,24.04,10147.52,"blow"
1540.29,14.74,72.46,9556.95,"blow"
1307.61,14.22,14.46,10554.06,"blow"
1748.06,16.63,43.14,10934.51,"blow"
1673.13,15.93,89.66,9737.53,"blow"
1822.43,15.29,20.93,12860.31,"blow"
412.51,8.30,3.67,4522.10,"nope"
24.38,20.62,1.52,273.34,"nope"
27.20,17.31,2.51,323.05,"nope"
29.97,18.04,1.01,228.60,"nope"
20.03,24.30,0.95,188.41,"nope"
16.81,24.42,1.92,83.11,"nope"
17.42,26.47,1.89,111.59,"nope"
20.42,23.35,1.22,122.40,"nope"
14.61,27.35,1.37,91.12,"nope"
17.35,27.14,0.79,108.05,"nope"
19.11,24.91,0.62,123.75,"nope"
16.38,29.28,1.71,106.45,"nope"
17.67,28.90,0.59,108.90,"nope"
18.07,26.44,0.70,104.39,"nope"
19.52,27.98,1.26,104.25,"nope"
18.86,21.92,1.73,179.33,"nope"
22.76,22.02,2.09,140.61,"nope"
18.76,27.53,1.58,125.10,"nope"
15.61,30.42,1.06,75.94,"nope"
18.78,25.77,0.78,108.45,"nope"
22.76,23.19,2.06,163.58,"nope"
12.79,33.65,1.99,54.83,"nope"
28.85,17.85,2.52,287.49,"nope"
17.14,23.15,0.82,151.89,"nope"
14.23,19.66,1.51,177.38,"nope"
20.31,15.34,0.41,282.26,"nope"
14.52,20.09,0.91,204.59,"nope"
27.50,22.40,3.01,151.98,"nope"
27.27,25.85,1.98,182.54,"nope"
20.95,23.38,1.49,161.18,"nope"
19.27,26.86,1.84,76.79,"nope"
330.99,7.15,1.84,6694.85,"blow"
1175.62,11.57,29.93,11042.07,"blow"
1028.37,11.93,6.30,10921.36,"blow"
983.99,15.44,29.49,8661.52,"blow"
1228.05,12.13,11.29,11460.37,"blow"
1055.95,14.32,56.32,9177.06,"blow"
1613.96,15.81,62.05,13833.20,"blow"
1297.27,14.94,21.08,10460.11,"blow"
1451.30,16.15,125.74,12946.45,"blow"
829.42,11.72,21.89,6552.10,"blow"
1021.50,11.57,21.84,9335.70,"blow"
693.63,11.30,7.51,9103.44,"blow"
916.14,10.83,18.74,10309.61,"blow"
1464.34,14.44,108.32,14473.57,"blow"
1480.99,16.28,40.99,13507.49,"blow"
1522.86,17.77,27.31,10140.90,"blow"
1231.64,16.57,64.72,11137.48,"blow"
1500.41,16.86,62.81,8154.88,"blow"
1480.62,14.53,26.26,12177.23,"blow"
1593.92,14.66,87.28,12784.43,"blow"
1426.20,14.47,67.32,12123.32,"blow"
1186.52,15.18,24.06,8586.80,"blow"
1636.40,17.01,40.91,8308.46,"blow"
1464.37,17.38,88.08,12713.00,"blow"
1555.49,17.06,12.23,8742.26,"blow"
1553.19,17.28,64.22,11282.56,"blow"
1479.20,15.43,16.34,11593.17,"blow"
1484.30,16.26,45.71,12369.42,"blow"
1700.27,19.25,285.71,9282.96,"blow"
1779.69,18.37,78.48,7536.46,"blow"
14.91,27.82,0.53,76.63,"nope"
16.95,27.02,3.54,71.29,"nope"
19.96,22.11,2.12,109.98,"nope"
19.74,20.45,1.24,122.55,"nope"
16.52,18.50,0.76,144.81,"nope"
21.45,19.44,1.08,181.55,"nope"
13.18,19.41,1.35,108.55,"nope"
16.79,20.37,0.30,141.94,"nope"
18.09,21.02,0.41,140.83,"nope"
14.67,19.24,0.43,131.14,"nope"
22.69,19.77,1.82,153.13,"nope"
12.71,23.06,0.66,67.79,"nope"
20.29,21.29,1.57,116.26,"nope"
20.94,20.56,1.29,102.73,"nope"
15.18,26.81,0.87,77.05,"nope"
23.36,22.75,1.16,123.08,"nope"
29.91,19.78,0.46,192.70,"nope"
18.56,23.48,1.61,133.17,"nope"
11.95,25.85,1.96,77.58,"nope"
13.97,25.72,1.58,63.77,"nope"
12.47,25.88,1.62,50.23,"nope"
15.38,32.79,0.43,117.64,"nope"
13.22,27.69,2.22,95.55,"nope"
11.10,28.26,1.87,44.08,"nope"
22.24,30.76,2.10,110.55,"nope"
17.87,25.00,3.17,122.32,"nope"
16.11,27.67,1.10,67.03,"nope"
1693.50,18.05,151.16,13492.14,"blow"
2537.49,22.93,286.62,12211.56,"blow"
2478.08,22.38,64.76,13329.10,"blow"
2626.18,22.62,168.54,10323.07,"blow"
2012.27,20.15,281.58,14738.52,"blow"
2439.74,24.74,272.55,10070.90,"blow"
14.70,17.25,1.86,157.21,"nope"
11.68,21.71,0.17,75.79,"nope"
16.79,16.06,0.91,227.63,"nope"
13.95,18.97,0.98,93.72,"nope"
30.71,18.00,0.71,415.57,"nope"
27.04,25.85,0.50,231.43,"nope"
19.57,28.44,0.50,114.56,"nope"
14.57,23.27,1.12,90.85,"nope"
16.55,21.78,0.77,122.02,"nope"
14.49,22.87,1.48,88.75,"nope"
16.32,24.34,2.00,89.28,"nope"
22.50,20.25,1.00,189.72,"nope"
24.25,21.76,0.85,296.06,"nope"
17.99,23.26,2.59,109.36,"nope"
15.98,20.90,1.57,134.58,"nope"
17.73,23.05,1.57,160.12,"nope"
24.17,25.69,1.93,177.95,"nope"
24.43,26.08,1.58,173.26,"nope"
22.14,22.33,0.84,139.95,"nope"
2442.38,22.36,173.29,9071.31,"blow"
2291.36,21.22,67.35,11569.29,"blow"
2545.29,21.71,355.14,9511.91,"blow"
2395.14,23.07,256.78,8715.54,"blow"
2060.26,21.59,129.57,14030.80,"blow"
2543.16,22.81,229.04,11037.04,"blow"
1942.34,19.74,70.72,17808.82,"blow"
2126.07,21.39,275.50,16324.82,"blow"
2236.60,21.49,143.83,14480.63,"blow"
2237.35,23.68,428.66,10339.21,"blow"
2274.01,21.26,117.11,13527.17,"blow"
2475.00,21.61,138.34,10273.82,"blow"
1979.11,18.41,51.71,15227.23,"blow"
62.43,12.91,1.91,638.43,"nope"
26.03,14.94,1.08,328.93,"nope"
17.05,14.72,0.60,270.11,"nope"
12.80,24.39,1.07,58.90,"nope"
31.94,14.11,0.83,552.03,"nope"
22.44,19.03,1.20,228.32,"nope"
11.56,22.81,0.13,118.12,"nope"
22.60,22.40,2.50,160.80,"nope"
18.03,21.11,1.23,199.09,"nope"
17.70,23.77,2.10,111.26,"nope"
14.37,23.21,0.62,85.27,"nope"
19.05,16.69,0.55,238.52,"nope"
21.56,25.73,2.65,118.69,"nope"
20.02,20.75,1.70,98.97,"nope"
13.10,23.34,0.44,86.74,"nope"
9.72,27.21,1.04,43.44,"nope"
12.39,17.27,0.15,172.82,"nope"
11.64,19.81,1.40,149.83,"nope"
16.26,19.48,1.08,205.32,"nope"
19.08,19.38,1.64,102.66,"nope"
18.76,23.45,3.61,124.96,"nope"
20.75,20.44,2.04,131.57,"nope"
21.44,25.06,0.76,113.73,"nope"
22.85,21.46,1.66,180.82,"nope"
23.28,18.67,3.70,243.64,"nope"
21.33,22.90,1.93,138.58,"nope"
29.10,25.66,4.38,149.29,"nope"
26.40,27.00,4.15,124.05,"nope"
19.39,24.74,1.14,127.74,"nope"
914.09,10.74,5.79,11595.96,"blow"
2060.96,18.81,241.28,11915.69,"blow"
2351.84,21.99,184.83,12230.29,"blow"
2290.20,21.26,257.13,9686.75,"blow"
2299.96,23.01,257.80,10528.07,"blow"
2123.16,20.05,104.56,11297.27,"blow"
2046.18,20.78,297.08,13598.83,"blow"
2361.47,19.82,284.41,11134.52,"blow"
2317.66,23.23,263.34,11618.31,"blow"
1964.76,19.58,63.33,18504.32,"blow"
2158.97,22.20,156.26,11640.21,"blow"
2399.63,23.08,288.03,9131.46,"blow"
2474.88,21.98,148.91,10025.78,"blow"
19.05,22.16,0.84,286.61,"nope"
23.14,14.47,0.16,491.16,"nope"
15.87,14.21,0.49,413.56,"nope"
24.80,18.13,1.72,597.86,"nope"
17.81,14.92,0.74,480.06,"nope"
16.04,15.66,0.48,383.39,"nope"
23.14,15.75,2.04,504.46,"nope"
23.51,12.31,1.13,623.84,"nope"
21.54,14.41,0.93,541.96,"nope"
16.18,16.53,1.13,238.23,"nope"
22.89,15.02,0.58,519.07,"nope"
22.95,15.52,1.99,387.78,"nope"
24.40,15.47,0.58,427.90,"nope"
20.59,13.72,1.10,632.51,"nope"
18.24,18.63,0.86,194.01,"nope"
17.26,20.89,0.83,101.63,"nope"
25.69,25.03,1.02,258.14,"nope"
21.77,20.55,1.47,215.54,"nope"
24.09,22.02,3.01,155.86,"nope"
19.27,20.83,1.20,252.69,"nope"
21.32,19.56,1.79,193.60,"nope"
21.37,21.33,2.31,206.24,"nope"
17.87,23.88,1.78,170.84,"nope"
22.40,23.89,3.19,178.07,"nope"
27.91,18.57,0.84,268.23,"nope"
18.96,22.68,1.79,80.84,"nope"
21.38,24.65,0.63,120.34,"nope"
26.09,20.73,0.96,243.64,"nope"
1870.01,16.97,15.38,9790.69,"blow"
1677.37,17.97,26.27,10993.06,"blow"
2050.79,20.67,322.06,9964.48,"blow"
2192.32,18.53,138.23,10896.88,"blow"
1795.41,16.25,93.87,13891.27,"blow"
2149.41,21.56,140.21,12154.08,"blow"
1740.72,18.04,163.85,10325.91,"blow"
2028.21,20.97,140.15,8411.36,"blow"
2060.55,19.51,93.79,10834.40,"blow"
1999.44,19.27,181.66,10747.42,"blow"
1714.67,18.51,86.99,16044.86,"blow"
1990.94,18.42,55.47,14827.76,"blow"
1835.91,19.35,0.94,12921.58,"blow"
1920.97,20.86,220.08,10080.11,"blow"
2238.79,20.60,250.36,10218.77,"blow"
1918.25,16.97,100.21,13620.72,"blow"
2409.73,21.30,213.13,10239.99,"blow"
1782.76,22.07,79.74,8368.44,"blow"
2193.65,21.29,268.07,10606.43,"blow"
2170.74,20.06,164.62,10688.44,"blow"
1287.60,14.22,11.57,13304.25,"blow"
20.04,18.96,0.62,411.85,"nope"
23.63,19.91,0.82,398.43,"nope"
22.00,21.46,1.85,186.68,"nope"
29.12,25.09,5.07,247.02,"nope"
20.72,26.57,0.92,117.11,"nope"
25.35,29.09,4.05,125.63,"nope"
21.57,29.21,1.15,157.66,"nope"
22.07,28.31,1.19,128.05,"nope"
24.18,31.97,2.46,142.11,"nope"
24.03,25.43,1.94,117.79,"nope"
13.96,22.62,0.50,86.41,"nope"
2265.38,20.59,146.45,11873.41,"blow"
2230.46,21.15,225.26,11217.74,"blow"
1869.99,21.19,136.45,13852.59,"blow"
2188.34,23.59,198.31,7559.54,"blow"
2687.86,24.63,348.87,7910.94,"blow"
2540.78,24.94,94.73,9592.25,"blow"
2466.04,25.62,346.81,11457.55,"blow"
2383.33,22.96,184.07,8634.07,"blow"
19.92,21.00,2.93,147.41,"nope"
17.67,20.31,1.03,129.94,"nope"
13.76,20.69,1.27,123.30,"nope"
11.27,25.34,0.67,37.25,"nope"
22.51,19.14,1.92,224.75,"nope"
26.77,20.80,1.87,219.35,"nope"
12.59,21.85,0.91,68.87,"nope"
14.68,24.28,0.58,81.93,"nope"
25.01,36.73,3.64,141.98,"nope"
14.35,42.88,1.62,125.18,"nope"
12.05,35.87,1.25,82.05,"nope"
20.56,30.53,2.27,239.00,"nope"
15.52,23.19,0.07,133.41,"nope"
16.79,32.01,1.74,218.32,"nope"
12.28,33.82,0.80,64.93,"nope"
13.85,34.84,0.45,124.49,"nope"
13.43,35.38,0.82,156.02,"nope"
14.35,33.20,1.70,81.88,"nope"
13.58,34.50,1.29,107.52,"nope"
1597.34,15.93,42.46,9232.50,"blow"
1945.10,18.51,14.32,9081.17,"blow"
1751.90,18.48,39.66,8214.43,"blow"
2105.06,19.07,120.23,10046.65,"blow"
2113.53,20.78,284.41,10271.31,"blow"
1756.63,19.08,174.67,8617.49,"blow"
1892.97,18.03,25.59,12325.14,"blow"
1609.53,20.75,201.35,9197.06,"blow"
2109.95,21.34,136.54,12101.01,"blow"
2208.60,20.99,85.87,15060.96,"blow"
1953.74,18.69,133.80,14305.76,"blow"
2214.59,21.13,88.30,14661.45,"blow"
1793.96,18.58,214.35,14333.68,"blow"
1958.55,18.54,208.52,14031.97,"blow"
1713.14,19.57,47.99,9427.37,"blow"
1723.92,17.50,156.88,12000.94,"blow"
1800.23,20.69,210.69,9945.88,"blow"
2012.80,19.26,244.49,8480.57,"blow"
1992.39,20.08,146.92,10827.00,"blow"
2136.07,20.44,149.27,12493.60,"blow"
1736.68,18.78,54.23,14084.48,"blow"
1905.64,17.84,104.57,10998.34,"blow"
10.36,19.94,0.90,116.25,"nope"
16.23,21.66,0.42,102.14,"nope"
24.16,23.86,2.71,193.73,"nope"
27.24,18.97,0.54,248.03,"nope"
15.82,24.16,1.29,87.73,"nope"
13.30,22.54,1.27,53.82,"nope"
14.86,23.14,3.51,68.98,"nope"
22.69,23.31,1.72,331.55,"nope"
17.51,21.26,0.34,291.31,"nope"
24.92,19.34,0.93,194.53,"nope"
13.44,24.23,2.35,59.79,"nope"
8.13,28.05,2.53,37.50,"nope"
8.09,26.69,0.79,51.22,"nope"
8.29,23.99,0.92,43.58,"nope"
7.73,26.47,1.13,22.86,"nope"
9.86,20.75,1.17,85.90,"nope"
8.56,23.37,1.01,69.14,"nope"
9.64,25.34,1.24,47.72,"nope"
31.72,12.50,2.25,632.80,"nope"
20.59,14.54,1.48,357.10,"nope"
10.98,18.82,1.36,106.61,"nope"
9.66,22.90,0.40,68.31,"nope"
8.41,23.00,0.87,51.03,"nope"
8.56,22.34,0.86,50.28,"nope"
8.52,24.23,1.21,48.46,"nope"
10.97,23.24,2.20,66.56,"nope"
9.20,24.09,0.92,69.13,"nope"
8.19,23.26,1.05,28.92,"nope"
10.43,21.66,0.43,56.80,"nope"
10.03,21.57,1.19,76.22,"nope"
12.49,19.28,1.47,131.85,"nope"
17.71,16.63,0.83,235.99,"nope"
11.61,18.37,1.49,100.85,"nope"
12.95,19.67,0.12,107.80,"nope"
11.34,19.54,0.53,112.67,"nope"
12.15,20.34,1.53,134.29,"nope"
11.50,21.73,0.50,102.88,"nope"
13.74,22.25,1.21,55.26,"nope"
11.04,20.27,0.07,65.92,"nope"
18.82,17.34,0.71,156.72,"nope"
14.79,20.81,2.90,65.44,"nope"
16.09,18.16,0.26,129.42,"nope"
17.46,20.43,1.49,78.54,"nope"
19.00,17.43,0.44,233.77,"nope"
16.08,16.64,0.82,183.56,"nope"
12.07,21.48,1.35,81.23,"nope"
15.03,16.86,0.57,130.41,"nope"
27.45,22.81,1.94,200.21,"nope"
17.66,22.06,1.35,234.21,"nope"
25.56,18.73,0.96,342.36,"nope"
23.66,19.81,2.01,266.13,"nope"
14.26,22.20,1.38,56.04,"nope"
18.12,20.51,0.34,126.28,"nope"
18.41,19.88,1.36,151.36,"nope"
18.92,15.44,0.69,357.29,"nope"
20.09,20.40,1.19,253.90,"nope"
16.35,20.72,0.59,157.79,"nope"
13.94,22.36,0.10,169.23,"nope"
14.17,20.55,0.40,217.70,"nope"
9.89,22.38,0.63,55.59,"nope"
20.34,11.95,1.35,528.82,"nope"
10.71,21.18,0.90,113.10,"nope"
10.27,20.46,0.43,185.08,"nope"
12.36,19.96,0.69,164.92,"nope"
16.71,21.02,0.25,200.87,"nope"
8.73,26.28,1.51,44.78,"nope"
8.92,21.54,0.10,85.07,"nope"
8.96,23.95,0.62,53.12,"nope"
9.73,21.34,1.06,133.20,"nope"
12.39,19.25,0.73,175.27,"nope"
11.88,17.61,0.37,218.44,"nope"
11.77,21.59,0.74,86.79,"nope"
14.22,20.43,1.80,212.44,"nope"
16.69,16.05,2.58,369.60,"nope"
19.60,14.21,1.03,502.80,"nope"
1533.22,14.98,32.08,14715.37,"blow"
1413.81,13.86,36.70,14526.22,"blow"
1871.23,18.24,37.78,13378.10,"blow"
1679.01,17.36,221.92,13235.17,"blow"
1913.18,17.64,88.43,12243.62,"blow"
2255.35,20.66,267.18,13844.57,"blow"
2093.92,19.13,38.45,15464.69,"blow"
8.47,22.24,0.25,90.96,"nope"
8.50,27.96,0.52,47.67,"nope"
9.35,21.50,1.15,99.12,"nope"
8.34,23.21,0.17,70.44,"nope"
11.76,22.05,0.47,133.99,"nope"
16.08,20.11,0.75,214.35,"nope"
20.73,16.83,1.00,213.00,"nope"
19.54,17.25,1.07,284.73,"nope"
1541.50,15.77,45.97,16017.90,"blow"
1436.45,14.40,40.95,12644.34,"blow"
1883.52,18.03,45.76,13058.96,"blow"
1428.54,14.34,18.36,14815.00,"blow"
1131.82,17.01,90.91,7854.07,"blow"
1601.71,15.77,45.88,11843.56,"blow"
1454.73,13.35,19.64,15974.53,"blow"
1093.11,17.10,57.61,12409.46,"blow"
1383.38,14.61,51.90,18797.83,"blow"
1638.05,17.80,88.45,13478.29,"blow"
1740.25,17.30,107.79,11544.55,"blow"
1561.34,18.64,75.95,8204.12,"blow"
1238.45,14.93,41.53,15783.36,"blow"
1144.89,14.05,43.62,15422.51,"blow"
16.41,16.16,1.12,328.89,"nope"
18.57,14.95,0.79,535.62,"nope"
18.29,19.88,0.98,188.02,"nope"
17.50,17.87,0.45,304.63,"nope"
20.07,17.85,1.13,387.13,"nope"
19.06,17.06,0.37,351.23,"nope"
23.22,16.10,1.72,455.96,"nope"
16.73,18.93,1.77,264.78,"nope"
17.69,21.29,3.19,219.51,"nope"
16.13,21.26,2.59,160.34,"nope"
19.99,19.46,0.82,284.40,"nope"
12.53,19.87,0.78,170.25,"nope"
12.27,24.74,1.21,130.92,"nope"
18.19,22.56,0.59,247.45,"nope"
20.65,22.86,0.28,263.61,"nope"
15.11,29.95,1.61,53.18,"nope"
25.38,15.97,1.50,504.71,"nope"
736.01,12.38,23.72,5879.41,"blow"
1000.96,12.29,55.56,16981.87,"blow"
917.33,13.80,12.28,11115.46,"blow"
987.70,14.92,14.19,7719.03,"blow"
1418.96,16.23,136.74,9392.50,"blow"
989.89,12.06,2.31,8761.27,"blow"
1286.83,16.28,173.72,12781.18,"blow"
1372.21,18.32,129.81,12861.08,"blow"
1457.42,13.92,29.26,13561.36,"blow"
1845.24,18.37,131.47,13208.56,"blow"
1708.00,16.86,128.13,17594.25,"blow"
1337.12,12.63,31.02,16190.21,"blow"
1415.14,15.48,58.50,11712.60,"blow"
1490.31,17.05,38.05,7985.66,"blow"
1714.69,18.30,19.13,10243.41,"blow"
1974.83,19.09,350.30,9765.98,"blow"
1608.35,15.35,46.39,13327.80,"blow"
1462.55,15.88,63.51,13301.15,"blow"
1621.48,15.70,85.47,9524.65,"blow"
1346.58,14.81,49.33,15941.35,"blow"
1469.37,15.06,42.27,15227.52,"blow"
1457.14,15.78,49.45,16580.01,"blow"
1739.54,18.09,192.85,12338.73,"blow"
1613.23,21.00,115.45,9411.79,"blow"
12.83,18.40,0.64,211.91,"nope"
27.41,11.30,1.08,718.38,"nope"
16.46,17.22,1.09,407.42,"nope"
17.66,17.36,1.30,367.93,"nope"
17.11,19.22,0.72,272.52,"nope"
14.50,16.29,0.55,285.82,"nope"
16.62,16.66,1.63,471.91,"nope"
16.24,16.46,1.38,305.84,"nope"
13.50,20.25,1.42,152.94,"nope"
9.26,27.28,1.87,48.41,"nope"
12.76,25.57,1.30,96.96,"nope"
11.79,19.02,2.07,84.81,"nope"
11.77,18.84,0.87,186.44,"nope"
18.36,16.99,0.55,297.33,"nope"
20.10,22.47,0.54,246.92,"nope"
1560.05,19.52,74.00,8840.57,"blow"
2446.19,22.41,174.64,11481.99,"blow"
2057.13,23.42,52.89,7752.73,"blow"
2242.00,22.06,174.33,14559.91,"blow"
11.91,22.30,0.36,163.79,"nope"
11.01,24.41,1.12,124.29,"nope"
16.95,18.66,0.82,145.25,"nope"
13.62,22.04,1.46,137.96,"nope"
9.11,25.52,0.12,41.50,"nope"
9.89,24.10,1.75,123.43,"nope"
10.05,24.25,0.60,139.97,"nope"
216.80,9.62,13.03,3664.29,"blow"
951.32,10.46,18.13,13715.50,"blow"
834.48,14.66,39.80,10408.14,"blow"
1682.20,16.24,131.22,18501.44,"blow"
1694.93,17.07,132.49,11843.76,"blow"
1847.32,17.26,67.02,17412.63,"blow"
2034.57,18.49,223.50,9347.83,"blow"
1461.29,21.07,40.67,9298.89,"blow"
1991.29,18.84,164.92,17138.63,"blow"
2023.00,17.02,77.28,12830.46,"blow"
20.43,24.50,1.19,205.36,"nope"
23.10,22.51,0.89,194.26,"nope"
23.17,19.70,2.15,155.19,"nope"
24.53,21.07,2.14,219.64,"nope"
21.33,22.96,1.75,196.02,"nope"
21.42,22.57,1.32,295.04,"nope"
22.99,23.29,1.21,203.70,"nope"
10.46,23.19,0.48,52.17,"nope"
15.60,21.51,0.42,77.56,"nope"
18.90,19.35,1.48,225.22,"nope"
30.33,20.61,0.83,289.68,"nope"
24.22,26.60,2.71,113.99,"nope"
36.92,19.79,4.15,348.52,"nope"
49.68,23.86,2.42,181.37,"nope"
18.72,26.07,1.28,66.25,"nope"
149.59,27.61,13.95,823.29,"nope"
979.07,30.60,103.26,4833.56,"nope"
95.27,22.98,3.15,853.95,"nope"
39.79,24.68,2.19,300.02,"nope"
31.64,25.50,2.46,129.65,"nope"
16.21,21.31,0.45,97.93,"nope"
16.72,18.37,1.36,103.89,"nope"
25.01,24.06,0.55,250.80,"nope"
22.54,23.99,1.59,186.24,"nope"
26.81,21.58,1.45,376.27,"nope"
19.62,19.51,0.96,226.15,"nope"
26.21,22.99,1.96,168.39,"nope"
18.46,23.56,2.45,126.19,"nope"
19.86,21.80,0.80,229.23,"nope"
15.44,19.89,1.55,215.25,"nope"
9.97,22.79,0.75,67.59,"nope"
12.26,22.94,1.72,136.48,"nope"
23.87,23.85,1.91,190.83,"nope"
15.54,22.41,0.88,81.61,"nope"
9.43,21.77,0.61,62.11,"nope"
8.60,25.57,0.95,88.75,"nope"
7.40,24.38,0.50,67.99,"nope"
8.01,29.41,1.77,20.62,"nope"
14.36,20.63,0.54,141.76,"nope"
16.85,22.02,1.10,129.65,"nope"
15.56,21.79,0.94,170.09,"nope"
16.90,21.67,1.92,166.81,"nope"
13.92,22.42,2.53,125.44,"nope"
15.44,19.54,0.93,210.56,"nope"
16.75,18.87,0.51,126.24,"nope"
15.84,22.30,1.82,131.66,"nope"
16.02,19.74,0.78,165.05,"nope"
16.87,16.81,1.50,288.60,"nope"
18.30,17.21,1.16,178.47,"nope"
15.09,21.65,0.90,99.85,"nope"
34.70,28.17,1.27,290.79,"nope"
31.56,30.18,2.92,185.24,"nope"
31.77,27.14,2.24,143.81,"nope"
26.71,29.25,2.09,131.88,"nope"
28.31,27.69,3.46,182.57,"nope"
25.97,26.72,1.07,140.72,"nope"
35.81,30.56,1.24,123.75,"nope"
40.19,23.01,2.41,336.34,"nope"
45.18,23.45,0.93,187.26,"nope"
31.67,24.14,0.90,208.08,"nope"
43.52,24.29,4.06,278.24,"nope"
23.92,24.13,1.32,163.56,"nope"
34.99,24.18,1.35,157.94,"nope"
35.27,23.92,1.36,150.27,"nope"
40.66,23.22,1.33,220.35,"nope"
33.23,24.38,1.15,193.32,"nope"
26.21,24.39,1.99,203.77,"nope"
29.75,20.28,3.11,229.74,"nope"
34.21,24.00,1.58,195.95,"nope"
30.93,21.68,1.31,208.12,"nope"
30.28,21.30,0.79,179.83,"nope"
28.12,21.81,1.83,240.17,"nope"
30.87,22.71,0.98,177.49,"nope"
24.02,24.73,1.14,121.22,"nope"
25.72,24.21,1.09,135.92,"nope"
19.11,20.04,2.35,111.78,"nope"
30.03,21.76,1.58,275.49,"nope"
26.00,23.63,1.69,135.88,"nope"
27.51,24.00,1.67,175.79,"nope"
24.67,22.42,2.16,147.79,"nope"
22.06,19.46,1.41,175.81,"nope"
16.60,22.25,1.71,138.39,"nope"
18.30,19.57,0.64,135.47,"nope"
18.86,22.07,1.16,122.69,"nope"
16.79,20.12,0.91,145.76,"nope"
15.44,24.95,1.52,63.26,"nope"
20.02,22.45,0.13,221.26,"nope"
25.97,20.20,1.03,458.44,"nope"
24.03,21.57,1.75,440.97,"nope"
18.89,20.70,1.09,135.73,"nope"
16.55,20.22,1.82,143.89,"nope"
12.12,20.39,0.96,125.84,"nope"
19.53,21.59,2.06,155.86,"nope"
13.19,22.83,0.78,56.01,"nope"
13.26,22.94,1.43,70.86,"nope"
14.56,23.61,0.81,61.09,"nope"
27.23,18.00,0.69,251.33,"nope"
21.17,22.60,2.03,86.91,"nope"
15.44,23.23,1.59,97.26,"nope"
18.35,22.06,1.62,109.89,"nope"
39.08,22.86,4.01,177.38,"nope"
27.41,20.17,0.71,138.69,"nope"
13.90,20.04,0.04,65.63,"nope"
23.34,17.34,0.96,183.54,"nope"
25.45,21.16,0.67,177.39,"nope"
21.63,19.19,1.26,149.59,"nope"
11.14,19.90,1.16,67.94,"nope"
14.51,20.42,1.14,118.95,"nope"
33.31,21.11,0.82,184.14,"nope"
22.36,25.27,0.74,105.04,"nope"
54.00,34.23,0.89,195.46,"nope"
145.23,32.21,23.80,641.32,"nope"
283.39,30.73,27.46,1096.91,"nope"
478.15,32.92,15.46,3100.68,"nope"
444.72,29.75,69.21,1826.67,"nope"
99.09,33.51,10.68,407.10,"nope"
22.24,22.47,3.04,145.19,"nope"
31.43,16.50,0.18,372.37,"nope"
21.68,19.72,0.73,165.38,"nope"
24.18,28.96,2.24,96.62,"nope"
18.38,18.35,0.25,124.51,"nope"
20.17,26.79,0.29,129.29,"nope"
21.51,25.91,2.29,90.26,"nope"
26.29,21.08,2.03,217.46,"nope"
26.67,18.61,1.09,454.69,"nope"
19.03,20.82,2.25,125.32,"nope"
23.10,24.33,2.32,94.07,"nope"
22.87,22.07,0.81,198.86,"nope"
16.10,23.63,0.92,118.06,"nope"
18.43,22.24,0.77,128.40,"nope"
20.25,21.34,0.36,158.00,"nope"
15.09,27.58,1.58,91.63,"nope"
16.08,27.59,2.42,68.53,"nope"
21.72,24.87,0.90,146.99,"nope"
14.81,21.21,1.19,81.46,"nope"
17.95,19.11,0.31,229.55,"nope"
18.36,18.68,1.21,227.88,"nope"
16.80,20.60,1.04,159.61,"nope"
17.38,22.83,0.61,99.12,"nope"
17.66,18.43,0.76,183.19,"nope"
19.01,21.27,0.90,132.58,"nope"
19.49,19.97,0.81,129.72,"nope"
26.03,21.66,1.28,154.32,"nope"
28.19,20.12,1.99,190.61,"nope"
28.29,20.65,1.11,281.06,"nope"
18.71,25.50,1.73,166.75,"nope"
23.98,22.99,1.07,185.60,"nope"
18.57,24.67,2.26,131.00,"nope"
16.08,23.43,2.66,101.73,"nope"
12.97,20.79,0.41,76.37,"nope"
16.83,24.41,0.97,85.55,"nope"
16.87,25.54,1.66,114.86,"nope"
30.11,20.58,1.39,457.03,"nope"
20.56,18.91,1.97,267.54,"nope"
15.40,19.22,0.19,159.45,"nope"
12.05,21.97,1.40,69.96,"nope"
21.39,22.20,1.17,103.08,"nope"
22.38,18.04,0.34,163.74,"nope"
22.96,19.34,1.40,140.51,"nope"
27.27,23.50,0.75,220.88,"nope"
29.51,20.88,3.12,361.03,"nope"
20.01,25.97,0.79,100.73,"nope"
19.97,23.19,0.29,175.39,"nope"
15.41,28.34,2.65,111.11,"nope"
15.48,19.27,0.56,231.63,"nope"
12.11,22.46,0.65,68.13,"nope"
10.30,23.94,1.34,69.16,"nope"
19.24,23.85,2.39,132.05,"nope"
16.35,26.91,2.58,75.96,"nope"
25.20,28.49,0.55,202.56,"nope"
43.91,31.71,4.39,204.90,"nope"
75.66,30.68,21.30,216.32,"nope"
140.32,33.75,7.81,629.12,"nope"
115.47,33.52,6.15,524.32,"nope"
132.43,31.80,15.26,501.56,"nope"
137.27,30.99,11.41,367.05,"nope"
21.14,26.72,3.82,86.65,"nope"
17.17,20.62,0.97,179.09,"nope"
24.85,21.56,0.46,181.36,"nope"
15.88,21.95,1.10,124.71,"nope"
15.59,16.77,0.82,217.03,"nope"
22.52,19.71,1.68,137.19,"nope"
22.12,20.97,0.96,140.86,"nope"
23.35,22.20,1.79,205.50,"nope"
18.92,16.42,0.27,292.40,"nope"
17.90,20.46,0.37,183.22,"nope"
19.64,23.07,1.62,120.43,"nope"
22.46,21.82,1.00,137.02,"nope"
19.10,19.26,0.96,135.30,"nope"
18.94,23.02,1.16,84.49,"nope"
15.07,19.92,0.67,155.07,"nope"
105.36,30.29,22.33,380.67,"nope"
21.96,27.07,1.41,83.77,"nope"
24.97,15.18,1.30,236.63,"nope"
56.32,31.09,4.95,184.43,"nope"
11.40,20.85,1.27,111.76,"nope"
13.53,19.83,0.16,165.43,"nope"
74.10,32.38,2.62,350.16,"nope"
23.47,23.22,2.03,84.95,"nope"
33.47,18.10,1.64,229.55,"nope"
88.03,32.65,18.48,310.93,"nope"
35.34,23.37,2.80,209.29,"nope"
18.49,18.60,1.66,297.44,"nope"
107.38,31.71,3.61,515.48,"nope"
233.06,29.56,34.71,805.58,"nope"
17.83,25.33,2.04,122.51,"nope"
16.78,20.74,0.65,115.08,"nope"
24.73,19.45,1.46,196.97,"nope"
14.99,25.36,1.44,97.02,"nope"
17.34,19.35,0.35,180.41,"nope"
15.56,19.41,0.81,163.26,"nope"
23.63,18.92,0.94,258.40,"nope"
26.04,19.73,0.90,258.48,"nope"
15.02,23.15,0.21,163.66,"nope"
24.76,19.84,1.21,175.75,"nope"
21.96,19.98,0.76,164.55,"nope"
18.01,21.01,1.30,89.25,"nope"
27.21,15.12,1.54,488.85,"nope"
19.63,18.27,1.20,174.32,"nope"
31.08,15.76,1.47,379.13,"nope"
1129.26,23.99,11.44,5427.00,"nope"
32.73,17.93,1.68,263.17,"nope"
20.63,21.19,1.54,107.10,"nope"
55.65,19.26,4.19,451.05,"nope"
136.98,17.96,0.88,832.05,"nope"
10.77,23.56,1.80,53.11,"nope"
21.47,25.63,0.49,154.37,"nope"
29.10,28.21,2.17,160.28,"nope"
34.03,28.15,1.23,134.64,"nope"
29.20,30.20,0.72,159.47,"nope"
15.99,20.73,1.14,116.95,"nope"
26.15,21.95,1.94,274.66,"nope"
30.81,21.78,1.40,267.22,"nope"
22.52,18.92,1.39,204.70,"nope"
12.47,23.33,1.07,61.57,"nope"
12.12,22.34,1.52,74.48,"nope"
14.20,22.78,1.53,116.53,"nope"
20.49,23.45,2.24,151.77,"nope"
35.92,23.20,3.40,203.97,"nope"
16.16,20.51,2.37,87.58,"nope"
20.08,22.59,1.31,84.94,"nope"
25.83,21.51,0.80,169.91,"nope"
15.64,21.46,1.63,69.58,"nope"
24.67,20.02,1.93,124.73,"nope"
25.94,21.89,0.54,211.72,"nope"
23.78,19.06,2.51,153.72,"nope"
29.72,16.32,1.68,279.88,"nope"
16.56,24.43,0.73,56.76,"nope"
24.83,22.67,2.26,129.80,"nope"
20.88,17.69,1.33,163.46,"nope"
16.86,20.94,0.89,112.89,"nope"
31.00,19.73,1.22,171.20,"nope"
27.80,18.07,0.84,192.48,"nope"
26.54,18.66,0.87,144.60,"nope"
28.08,18.06,1.38,127.13,"nope"
12.86,23.75,1.35,108.15,"nope"
13.66,21.78,0.19,77.35,"nope"
15.62,21.00,2.55,96.80,"nope"
17.73,20.61,0.96,137.39,"nope"
14.04,22.65,1.37,82.67,"nope"
12.83,24.56,1.07,78.88,"nope"
15.04,23.39,1.26,86.85,"nope"
20.05,18.78,1.37,272.60,"nope"
14.76,20.48,1.15,195.50,"nope"
12.02,22.14,1.84,161.72,"nope"
17.40,30.15,0.43,116.99,"nope"
13.77,31.59,1.67,103.42,"nope"
124.32,31.87,21.35,302.31,"suck"
185.25,31.27,23.39,570.61,"suck"
264.43,31.87,28.76,815.28,"suck"
295.76,34.42,43.34,1700.58,"suck"
320.55,34.63,95.58,1326.16,"suck"
306.64,33.81,35.37,1661.69,"suck"
13.13,25.53,0.60,69.66,"nope"
20.96,22.62,1.00,141.92,"nope"
22.19,22.43,1.78,222.28,"nope"
19.10,21.86,0.52,231.59,"nope"
27.95,22.85,1.68,193.69,"nope"
26.15,19.41,1.19,140.46,"nope"
17.86,19.46,0.46,110.20,"nope"
138.17,33.68,18.09,351.53,"suck"
213.16,32.98,26.15,795.70,"suck"
321.00,31.62,41.85,1259.04,"suck"
313.75,34.49,48.31,1021.60,"suck"
341.87,29.57,48.91,951.18,"suck"
277.66,30.82,29.01,747.09,"suck"
315.99,33.24,8.23,1972.16,"suck"
253.83,33.22,33.96,776.78,"suck"
153.87,33.87,23.28,486.26,"suck"
25.41,21.49,1.45,216.95,"suck"
13.54,20.95,0.93,138.34,"nope"
15.41,21.99,1.26,124.00,"nope"
26.77,21.48,2.21,281.54,"nope"
26.15,14.24,1.79,506.72,"nope"
14.90,17.95,0.20,188.41,"nope"
17.52,22.74,1.26,178.18,"nope"
58.59,35.14,12.26,281.63,"suck"
179.74,34.31,14.00,860.73,"suck"
9.69,22.63,0.83,52.08,"nope"
12.27,20.58,1.06,120.55,"nope"
10.96,26.16,1.17,84.22,"nope"
27.40,29.40,2.14,168.95,"suck"
83.51,31.70,6.67,227.48,"suck"
95.62,31.30,6.99,307.90,"suck"
88.11,30.78,2.21,270.59,"suck"
103.14,28.91,6.86,294.72,"suck"
126.80,30.04,5.96,388.75,"suck"
219.78,28.59,10.55,1044.30,"suck"
19.08,19.88,0.33,154.08,"nope"
13.51,21.57,1.15,119.28,"nope"
21.09,15.92,2.02,568.69,"nope"
26.83,20.41,0.75,381.06,"nope"
24.83,21.27,2.94,404.47,"nope"
10.76,24.54,1.00,56.47,"nope"
22.65,23.63,0.66,314.94,"nope"
22.87,22.65,2.15,237.98,"nope"
19.75,21.50,0.71,214.20,"nope"
15.23,18.89,1.20,228.82,"nope"
12.50,21.66,0.52,86.98,"nope"
12.78,21.14,0.51,105.56,"nope"
11.85,23.89,0.30,98.21,"nope"
10.45,24.27,0.89,46.81,"nope"
11.74,26.08,0.91,140.27,"nope"
17.86,18.30,1.22,224.94,"nope"
18.82,20.89,2.52,168.23,"nope"
12.00,21.23,1.33,104.66,"nope"
12.23,22.07,0.57,72.59,"nope"
21.58,15.46,0.57,559.70,"nope"
17.01,19.94,1.45,166.76,"nope"
11.90,23.22,0.28,85.38,"nope"
12.74,23.60,0.24,80.45,"nope"
66.67,34.89,17.48,287.99,"suck"
61.20,35.32,4.92,272.42,"suck"
49.70,34.22,1.62,162.39,"suck"
59.34,31.95,4.19,251.31,"suck"
90.84,30.37,14.44,452.45,"suck"
83.58,34.41,4.29,265.47,"suck"
103.47,34.50,10.30,293.02,"suck"
95.45,34.26,14.45,499.88,"suck"
112.40,33.43,14.37,331.07,"suck"
87.95,33.01,11.27,327.75,"suck"
8.68,23.80,1.30,74.49,"nope"
13.94,22.05,0.97,117.30,"suck"
160.72,33.29,15.41,947.92,"suck"
20.78,18.98,1.31,227.77,"nope"
22.67,16.59,1.18,216.30,"nope"
16.52,17.72,0.88,157.57,"nope"
13.96,17.55,0.84,252.58,"nope"
121.42,30.02,15.18,497.46,"suck"
126.35,31.10,16.23,367.21,"suck"
172.37,32.11,7.36,711.79,"suck"
169.83,31.76,34.78,606.18,"suck"
155.45,32.62,6.66,521.79,"suck"
134.61,31.29,9.80,473.08,"suck"
11.96,22.92,0.33,59.41,"nope"
62.17,25.54,12.23,267.09,"nope"
13.86,18.04,0.88,212.08,"nope"
14.12,21.99,1.40,151.68,"nope"
16.10,24.92,1.28,165.50,"nope"
171.62,17.70,1.19,592.64,"nope"
179.73,21.16,7.31,811.04,"nope"
74.55,20.72,2.08,449.17,"nope"
72.07,18.81,0.52,385.99,"nope"
13.80,17.49,0.96,236.83,"nope"
19.07,20.09,1.35,99.48,"nope"
8.06,27.27,1.90,51.42,"nope"
6.92,27.38,0.54,54.13,"nope"
7.48,27.97,0.65,42.34,"nope"
6.88,28.17,0.46,27.65,"nope"
7.91,26.58,0.75,25.15,"nope"
7.78,26.07,1.01,28.17,"nope"
6.94,28.27,0.94,27.30,"nope"
8.29,26.49,0.91,43.15,"nope"
7.39,30.01,0.55,22.95,"nope"
7.36,27.63,0.63,48.61,"nope"
5.78,29.47,1.08,28.11,"nope"
6.54,27.46,0.81,26.30,"nope"
7.93,29.46,1.04,40.04,"nope"
7.30,28.37,1.22,19.00,"nope"
8.09,29.70,0.57,39.41,"nope"
8.13,25.58,0.43,51.07,"nope"
7.58,28.69,1.13,19.89,"nope"
7.52,27.95,1.87,49.67,"nope"
7.96,26.44,0.48,36.91,"nope"
7.95,26.68,0.14,36.74,"nope"
7.40,26.98,0.34,33.34,"nope"
7.23,27.12,0.79,46.07,"nope"
6.50,29.58,1.61,24.13,"nope"
7.30,24.55,0.38,43.05,"nope"
7.29,26.37,1.09,37.29,"nope"
7.77,29.59,0.86,55.95,"nope"
7.18,27.23,1.04,38.15,"nope"
7.68,24.64,1.09,39.73,"nope"
6.86,29.98,0.32,25.98,"nope"
11.05,25.42,0.34,66.98,"nope"
6.66,26.53,0.54,30.13,"nope"
6.84,28.85,0.29,33.76,"nope"
6.82,27.81,0.82,31.99,"nope"
9.26,30.29,2.69,29.53,"nope"
6.12,26.72,0.52,28.19,"nope"
7.61,27.54,1.11,28.01,"nope"
7.52,24.57,1.63,39.53,"nope"
7.05,29.04,0.81,29.09,"nope"
6.89,29.07,0.32,21.99,"nope"
8.12,27.14,1.33,34.10,"nope"
7.73,27.14,1.89,25.50,"nope"
7.88,27.00,1.10,47.89,"nope"
6.23,28.06,0.58,28.55,"nope"
6.43,27.92,1.06,36.41,"nope"
6.82,29.47,0.85,27.10,"nope"
6.86,29.57,0.34,22.07,"nope"
8.78,25.55,0.78,47.90,"nope"
6.49,28.06,0.40,28.95,"nope"
9.50,25.82,1.20,57.63,"nope"
8.08,24.23,0.97,45.97,"nope"
7.86,28.01,0.94,33.58,"nope"
54.17,22.97,2.58,373.54,"nope"
182.07,24.75,6.11,1357.06,"nope"
111.89,19.25,2.85,522.91,"nope"
29.12,19.54,0.34,161.54,"nope"
91.15,12.23,2.38,809.92,"nope"
8.09,24.99,0.59,54.48,"nope"
8.63,27.33,1.77,38.36,"nope"
8.11,28.45,0.79,24.97,"nope"
6.75,25.55,0.39,35.14,"nope"
7.54,30.91,0.53,37.01,"nope"
7.02,29.55,0.65,29.81,"nope"
7.88,26.85,0.10,47.92,"nope"
7.09,28.83,0.71,33.57,"nope"
8.08,27.45,0.79,32.39,"nope"
7.08,25.59,0.64,28.12,"nope"
6.46,23.76,0.11,29.21,"nope"
6.72,28.22,1.35,51.53,"nope"
6.90,29.97,1.21,38.78,"nope"
9.35,22.94,1.31,55.35,"nope"
197.20,16.27,8.48,1681.01,"nope"
71.65,16.58,1.93,1631.41,"nope"
113.29,22.29,4.11,860.62,"nope"
42.41,17.46,1.55,427.36,"nope"
18.43,18.09,1.03,278.03,"nope"
8.36,27.55,1.38,50.97,"nope"
8.48,25.27,1.79,38.26,"nope"
6.17,27.23,1.01,29.28,"nope"
7.66,26.77,0.61,30.87,"nope"
7.13,28.52,1.11,43.34,"nope"
6.63,28.44,0.67,37.45,"nope"
6.63,27.23,1.29,39.61,"nope"
6.55,28.64,0.82,27.33,"nope"
8.08,26.81,1.31,37.01,"nope"
6.97,27.03,1.46,33.16,"nope"
7.34,26.21,0.06,40.07,"nope"
7.66,27.87,0.19,23.93,"nope"
8.65,27.06,1.50,38.87,"nope"
6.76,26.00,0.45,36.17,"nope"
1787.43,30.66,179.65,14942.40,"nope"
309.26,21.82,17.97,2066.00,"nope"
1341.47,30.36,197.53,7354.52,"nope"
159.60,25.38,11.95,710.39,"nope"
16.82,26.57,1.80,53.47,"nope"
9.58,27.30,0.96,36.19,"nope"
7.56,27.27,0.78,30.39,"nope"
16.54,20.87,1.29,92.44,"nope"
19.06,20.52,1.31,208.45,"nope"
24.21,27.34,3.85,83.66,"nope"
27.22,28.04,2.10,158.98,"nope"
23.10,25.47,3.45,152.54,"nope"
10.88,24.47,0.28,56.95,"nope"
7.73,30.23,0.48,26.14,"nope"
7.25,28.09,1.39,35.96,"nope"
8.29,27.12,1.45,34.32,"nope"
7.18,26.96,0.83,37.75,"nope"
6.85,26.04,0.66,39.97,"nope"
7.99,25.94,0.45,30.44,"nope"
7.36,30.22,1.45,27.60,"nope"
6.76,27.06,0.16,24.09,"nope"
7.11,28.88,0.12,28.99,"nope"
7.16,26.62,0.64,31.00,"nope"
7.61,26.81,1.99,42.18,"nope"
6.99,29.09,0.50,32.64,"nope"
7.58,25.98,0.40,42.44,"nope"
7.17,26.94,0.63,44.99,"nope"
6.57,27.81,0.45,29.63,"nope"
6.50,27.05,1.61,25.64,"nope"
78.70,24.36,0.50,540.38,"nope"
245.12,25.63,11.92,1066.60,"nope"
676.11,25.41,25.14,3154.51,"nope"
876.81,29.43,4.48,8813.77,"nope"
708.24,29.46,34.60,2892.20,"nope"
1203.99,26.36,66.70,5570.81,"nope"
457.68,24.58,27.86,2955.16,"nope"
189.92,19.81,5.30,1111.86,"nope"
160.40,23.68,14.33,686.14,"nope"
461.94,24.45,6.83,2283.65,"nope"
1230.02,25.17,43.74,12423.78,"nope"
777.40,26.97,33.96,6169.67,"nope"
853.34,28.20,31.10,5615.87,"nope"
606.69,26.72,9.73,7242.41,"nope"
133.92,23.48,3.35,849.39,"nope"
18.21,16.85,1.08,136.26,"nope"
7.40,27.09,0.63,24.22,"nope"
186.98,23.27,1.62,1494.71,"nope"
237.16,24.79,11.13,1318.17,"nope"
340.19,25.22,5.81,1754.73,"nope"
568.15,26.10,22.62,1980.93,"nope"
685.69,27.30,30.90,4177.67,"nope"
527.54,27.14,15.50,2615.05,"nope"
667.15,24.04,12.74,5444.64,"nope"
89.22,22.08,3.28,992.48,"nope"
19.10,22.30,0.90,64.97,"nope"
9.10,24.09,0.81,41.27,"nope"
8.46,25.28,1.02,62.71,"nope"
6.60,23.14,1.03,68.72,"nope"
7.36,27.48,0.64,30.81,"nope"
7.31,29.70,0.14,33.98,"nope"
8.23,31.05,0.19,48.00,"nope"
6.04,27.66,0.37,24.10,"nope"
6.82,27.20,0.37,20.73,"nope"
7.22,29.36,0.72,43.57,"nope"
6.89,28.19,0.47,31.43,"nope"
7.11,27.54,0.45,31.18,"nope"
7.68,27.33,0.52,24.36,"nope"
7.03,28.02,0.64,36.33,"nope"
8.20,27.13,0.64,40.93,"nope"
7.84,25.26,0.74,48.22,"nope"
6.92,26.90,0.21,30.11,"nope"
8.02,27.26,0.18,56.10,"nope"
52.76,20.43,1.51,393.24,"nope"
142.37,19.24,0.35,1175.92,"nope"
8.54,26.06,0.93,30.41,"nope"
7.38,27.56,0.88,31.05,"nope"
7.08,27.10,1.27,40.21,"nope"
2445.13,32.97,90.00,12364.70,"nope"
96.22,28.53,14.65,354.74,"nope"
1351.35,29.83,120.83,14307.87,"nope"
750.64,22.50,13.63,5317.63,"nope"
538.57,24.23,45.84,2914.53,"nope"
600.74,25.17,41.36,3590.44,"nope"
490.63,25.44,29.82,5702.13,"nope"
330.95,25.21,18.72,2369.94,"nope"
235.93,25.13,12.18,1719.80,"nope"
161.78,24.84,2.96,1028.05,"nope"
55.17,22.55,1.04,344.28,"nope"
7.47,26.00,0.52,27.12,"nope"
7.64,27.90,0.57,34.43,"nope"
8.19,23.70,0.87,30.85,"nope"
11.36,26.16,1.32,42.20,"nope"
94.77,25.15,3.18,477.16,"nope"
251.30,27.43,6.47,1851.29,"nope"
551.77,27.26,16.56,4582.97,"nope"
801.33,25.39,27.04,6796.20,"nope"
1019.50,23.60,68.25,9774.71,"nope"
516.03,23.95,10.58,1991.24,"nope"
53.14,17.00,1.95,500.93,"nope"
7.87,26.29,0.59,32.74,"nope"
7.14,28.81,0.92,38.67,"nope"
8.01,29.88,0.90,32.81,"nope"
6.61,27.69,0.87,32.32,"nope"
1955.69,31.83,60.90,19016.78,"nope"
777.51,23.94,12.97,6927.81,"nope"
851.36,26.82,61.18,5115.11,"nope"
617.04,26.77,27.04,4946.87,"nope"
219.12,24.71,12.26,2259.17,"nope"
16.59,20.75,1.07,136.73,"nope"
9.73,25.47,0.77,112.29,"nope"
7.17,25.65,1.55,21.64,"nope"
6.93,28.95,0.47,43.97,"nope"
8.46,26.37,0.87,39.36,"nope"
6.53,24.54,0.80,24.46,"nope"
6.98,26.88,0.88,33.21,"nope"
7.01,27.43,0.64,39.24,"nope"
6.37,28.58,0.38,23.83,"nope"
8.02,29.09,0.98,32.44,"nope"
6.26,27.59,0.70,31.39,"nope"
9.14,24.55,1.48,45.66,"nope"
7.46,27.79,1.25,42.05,"nope"
6.40,26.42,0.18,40.15,"nope"
6.95,28.64,0.66,32.91,"nope"
7.97,29.30,0.32,44.51,"nope"
9.30,25.86,1.39,46.66,"nope"
7.81,28.04,1.18,24.87,"nope"
7.03,28.58,0.91,31.16,"nope"
6.78,28.06,0.56,32.19,"nope"
6.67,27.39,0.48,27.78,"nope"
6.78,26.62,0.19,39.36,"nope"
217.65,24.82,4.18,1304.88,"nope"
108.14,22.53,3.64,777.92,"nope"
226.62,21.61,6.04,1256.34,"nope"
9.91,23.37,0.67,72.69,"nope"
8.29,23.98,1.33,53.08,"nope"
6.69,27.42,0.43,36.03,"nope"
6.45,27.66,0.52,29.61,"nope"
854.79,27.27,101.87,4628.00,"nope"
2163.65,29.38,430.36,14881.31,"nope"
297.64,23.83,8.08,1314.63,"nope"
42.20,24.91,0.86,298.52,"nope"
9.64,29.34,0.87,62.15,"nope"
8.83,26.56,0.86,45.87,"nope"
8.54,27.46,0.81,32.50,"nope"
7.64,28.38,1.17,55.76,"nope"
6.66,26.30,0.27,48.16,"nope"
6.89,27.95,0.91,25.74,"nope"
8.29,27.42,1.15,27.80,"nope"
7.89,27.82,1.09,40.36,"nope"
7.07,27.22,1.68,35.69,"nope"
7.41,24.79,1.40,28.01,"nope"
9.14,25.97,1.56,39.20,"nope"
6.41,25.21,0.39,35.60,"nope"
8.03,27.47,0.39,32.05,"nope"
7.12,26.54,1.11,49.69,"nope"
6.66,28.83,1.70,33.05,"nope"
8.81,27.82,0.59,42.14,"nope"
7.73,27.41,1.02,43.76,"nope"
6.78,28.76,0.53,23.85,"nope"
6.25,26.73,0.11,49.29,"nope"
8.03,26.55,0.91,47.25,"nope"
7.41,25.70,1.21,39.20,"nope"
6.78,25.11,1.25,36.50,"nope"
8.14,28.17,1.60,30.58,"nope"
6.41,28.25,1.20,29.56,"nope"
8.74,30.97,1.46,30.19,"nope"
5.82,26.04,0.71,34.56,"nope"
7.74,27.82,1.46,27.80,"nope"
6.59,25.33,0.30,38.94,"nope"
7.96,29.04,0.55,37.06,"nope"
6.04,24.44,0.76,41.75,"nope"
7.66,30.73,1.43,27.49,"nope"
6.53,27.78,0.53,25.32,"nope"
7.35,28.45,0.26,39.83,"nope"
7.19,29.42,1.02,32.69,"nope"
7.26,29.21,0.36,36.76,"nope"
7.45,25.13,0.57,36.70,"nope"
6.03,27.74,0.35,36.13,"nope"
7.01,25.91,0.64,29.90,"nope"
6.78,30.40,0.84,24.37,"nope"
6.76,25.91,0.33,37.62,"nope"
19.75,32.71,1.00,335.49,"nope"
15.25,31.44,0.77,242.75,"nope"
7.34,28.23,0.93,25.61,"nope"
7.66,25.39,0.33,33.84,"nope"
8.68,28.60,0.61,42.30,"nope"
8.19,27.28,0.23,44.10,"nope"
7.32,28.45,0.96,44.24,"nope"
11.73,27.29,0.72,118.82,"nope"
7.06,27.83,0.70,38.44,"nope"
6.69,27.30,0.78,41.20,"nope"
6.12,28.60,1.81,28.24,"nope"
16.68,29.81,0.98,265.86,"nope"
21.49,30.71,0.43,472.05,"nope"
7.11,27.81,0.34,31.45,"nope"
8.29,29.44,1.38,26.87,"nope"
9.55,25.75,0.65,39.83,"nope"
13.89,29.77,1.78,192.62,"nope"
8.63,31.13,1.83,21.28,"nope"
16.92,34.01,0.68,301.45,"nope"
9.61,27.52,0.69,29.79,"nope"
9.75,30.34,1.54,25.28,"nope"
8.24,26.29,1.47,65.54,"nope"
9.28,26.53,1.03,72.29,"nope"
8.81,28.08,1.10,43.97,"nope"
63.02,14.72,2.35,317.56,"nope"
66.77,18.53,2.90,402.14,"nope"
538.33,28.09,56.59,1587.60,"nope"
1069.80,31.17,31.14,7661.23,"nope"
905.60,26.73,191.87,3529.48,"nope"
1058.95,29.23,106.16,4888.40,"nope"
611.75,25.88,26.10,2757.71,"nope"
20.02,19.31,3.17,143.41,"nope"
7.83,23.85,0.52,37.51,"nope"
7.06,28.60,0.51,30.16,"nope"
8.00,30.25,0.93,33.89,"nope"
1230.17,29.05,106.20,7533.98,"nope"
1536.26,29.04,199.55,5862.17,"nope"
1378.42,25.34,37.99,6034.71,"nope"
1251.23,29.58,194.37,4919.59,"nope"
1351.01,17.20,83.56,9999.10,"nope"
242.66,21.42,17.81,830.60,"nope"
1354.11,18.22,101.31,9247.41,"nope"
77.22,11.60,2.50,727.65,"nope"
21.51,15.19,1.22,176.48,"nope"
12.91,18.26,0.43,139.94,"nope"
9.85,24.79,0.80,81.98,"nope"
8.25,23.17,1.39,79.91,"nope"
10.17,27.19,0.18,49.80,"nope"
7.93,27.64,1.25,33.51,"nope"
7.97,27.86,2.01,29.02,"nope"
8.43,28.74,1.43,56.63,"nope"
6.82,25.68,0.49,30.27,"nope"
8.18,28.18,0.76,26.79,"nope"
117.36,9.75,1.08,1893.41,"nope"
187.56,20.56,8.43,1522.36,"nope"
777.25,24.89,24.98,3681.79,"nope"
1839.04,26.63,224.34,6611.02,"nope"
978.37,22.95,30.40,4252.58,"nope"
366.47,24.54,32.14,2839.50,"nope"
17.29,22.43,1.54,99.31,"nope"
9.55,22.50,0.97,76.43,"nope"
9.72,27.34,0.92,59.61,"nope"
7.16,25.95,0.54,30.81,"nope"
7.25,31.90,1.57,36.85,"nope"
1722.96,25.95,47.20,6604.63,"nope"
1741.06,27.59,321.91,6872.19,"nope"
2104.21,31.78,303.50,9283.97,"nope"
2282.61,22.57,212.64,9277.91,"nope"
1590.95,27.34,133.86,4746.90,"nope"
305.79,14.82,7.82,2717.10,"nope"
26.79,15.21,0.47,326.04,"nope"
18.37,16.38,0.76,308.45,"nope"
11.53,20.69,1.35,148.59,"nope"
9.79,24.64,1.10,72.95,"nope"
8.08,27.09,1.21,41.72,"nope"
26.76,14.46,1.04,334.02,"nope"
496.27,13.54,12.68,3844.41,"nope"
31.54,16.38,1.04,352.37,"nope"
338.81,26.30,15.27,1454.09,"nope"
346.80,30.50,13.89,1282.78,"nope"
460.76,29.71,36.10,1701.71,"nope"
1084.86,36.46,49.92,4914.93,"nope"
752.20,28.19,66.00,4108.53,"nope"
524.67,18.97,31.31,2181.73,"nope"
1075.54,31.94,52.26,4145.46,"nope"
1598.59,34.77,40.87,7572.24,"nope"
1831.78,34.66,152.53,6314.25,"nope"
1827.26,33.57,218.11,8719.70,"nope"
1885.88,33.00,90.10,7995.02,"nope"
1518.53,28.46,99.42,6630.41,"nope"
277.30,22.88,3.08,1328.28,"nope"
52.33,14.60,1.25,702.95,"nope"
13.55,22.40,1.18,80.93,"nope"
7.91,24.28,0.77,47.21,"nope"
8.70,27.53,1.52,38.47,"nope"
7.10,24.54,0.63,31.85,"nope"
7.80,30.16,0.70,24.98,"nope"
6.35,27.37,0.44,29.57,"nope"
7.95,28.37,0.63,27.93,"nope"
520.49,22.68,7.95,2205.38,"nope"
1583.45,22.99,54.12,7109.02,"nope"
1834.25,27.03,194.78,6011.79,"nope"
2071.25,28.07,260.10,10686.25,"nope"
1865.29,30.16,348.57,6406.33,"nope"
1508.20,30.73,302.92,5951.82,"nope"
369.01,24.61,17.99,1219.11,"nope"
16.16,18.78,0.58,120.05,"nope"
611.08,13.82,4.70,3884.06,"nope"
384.47,29.12,15.63,1361.25,"nope"
386.78,28.12,20.97,1491.76,"nope"
1316.77,30.39,67.78,5998.28,"nope"
2389.13,23.91,76.64,12171.22,"nope"
217.73,9.82,4.06,3536.48,"nope"
60.15,12.58,1.02,444.86,"nope"
491.12,18.73,4.54,3073.99,"nope"
1334.47,27.74,35.78,4164.98,"nope"
1259.54,35.11,83.88,3564.47,"nope"
1103.31,32.96,81.33,4584.95,"nope"
1241.82,36.06,22.95,3540.98,"nope"
1276.70,26.21,106.45,6895.12,"nope"
778.57,27.32,54.64,2515.06,"nope"
1037.23,29.87,166.27,4226.11,"nope"
1127.06,25.07,75.76,7269.34,"nope"
476.16,21.44,5.49,2159.14,"nope"
9.98,22.74,1.35,76.08,"nope"
10.96,18.90,2.00,96.53,"nope"
7.42,25.03,0.01,44.50,"nope"
9.40,28.89,0.63,36.63,"nope"
7.86,24.62,0.67,52.91,"nope"
7.68,27.60,1.28,37.57,"nope"
8.75,27.87,1.80,46.11,"nope"
43.81,13.08,1.00,458.18,"nope"
113.33,17.54,8.58,656.36,"nope"
205.07,21.51,30.69,1169.48,"nope"
177.38,23.11,10.57,795.84,"nope"
53.27,19.33,2.74,271.98,"nope"
10.58,22.19,0.16,62.33,"nope"
7.99,27.38,0.36,29.61,"nope"
8.01,27.00,0.95,34.68,"nope"
8.82,25.23,0.73,39.26,"nope"
7.12,25.64,1.50,32.34,"nope"
8.49,29.22,1.73,39.84,"nope"
7.74,31.89,2.02,31.07,"nope"
7.21,26.54,0.50,29.20,"nope"
184.99,17.80,9.53,1228.88,"nope"
206.17,14.71,0.57,1524.30,"nope"
332.58,29.88,29.15,980.78,"nope"
963.31,23.03,49.41,5345.58,"nope"
1390.55,27.73,56.83,6661.51,"nope"
1523.22,28.57,21.13,9583.01,"nope"
63.63,22.43,2.84,341.50,"nope"
14.56,19.69,1.48,139.07,"nope"
8.55,26.28,1.07,64.30,"nope"
1912.60,25.14,408.49,8426.86,"nope"
1346.51,31.23,99.07,5517.61,"nope"
2092.06,27.13,119.11,8283.59,"nope"
1570.16,25.85,143.50,8033.77,"nope"
1755.42,21.01,157.04,18407.41,"nope"
957.57,24.60,73.07,3035.88,"nope"
59.47,16.70,1.86,531.11,"nope"
12.59,20.63,0.79,97.90,"nope"
7.50,24.66,1.21,35.34,"nope"
8.28,29.37,0.35,37.18,"nope"
129.43,12.25,0.85,1815.74,"nope"
52.87,17.39,1.17,362.06,"nope"
210.34,18.14,9.52,1278.91,"nope"
484.93,25.03,26.41,2168.53,"nope"
1168.48,29.01,95.00,4370.15,"nope"
724.85,29.64,42.49,3582.97,"nope"
581.84,35.72,64.40,2824.74,"nope"
504.98,36.07,4.38,1957.89,"nope"
471.45,33.88,5.76,2793.91,"nope"
110.81,26.96,5.85,366.74,"nope"
15.91,22.91,3.14,92.27,"nope"
153.52,17.83,7.49,958.94,"nope"
428.19,29.16,50.25,1429.57,"nope"
1114.89,26.27,42.27,3293.65,"nope"
1612.82,28.78,230.28,6181.73,"nope"
1305.57,32.02,241.50,5595.21,"nope"
60.24,21.24,4.60,424.80,"nope"
17.30,18.71,0.74,164.59,"nope"
8.49,23.04,0.96,75.85,"nope"
8.80,24.30,1.82,45.41,"nope"
10.57,29.60,1.24,32.28,"nope"
9.16,31.15,0.50,22.83,"nope"
1623.95,23.48,128.40,7394.95,"nope"
1147.60,25.19,79.02,6476.08,"nope"
1929.59,26.36,298.65,10355.36,"nope"
1715.62,28.90,118.14,7320.76,"nope"
1676.73,28.26,233.91,4054.55,"nope"
1478.45,18.63,96.70,13076.01,"nope"
351.84,20.38,4.07,1870.13,"nope"
48.05,16.44,2.08,433.04,"nope"
12.63,19.04,0.65,93.99,"nope"
8.20,23.81,1.03,53.32,"nope"
8.03,22.65,0.52,53.68,"nope"
7.01,27.73,0.64,35.64,"nope"
7.55,28.89,0.38,30.71,"nope"
8.44,28.22,0.67,37.45,"nope"
6.05,28.50,1.12,38.63,"nope"
23.27,21.15,2.06,113.36,"nope"
97.04,19.46,7.15,400.38,"nope"
1251.47,31.84,97.33,4858.19,"nope"
1075.25,29.59,128.22,4396.87,"nope"
1142.34,22.08,128.99,5394.32,"nope"
1836.64,33.24,295.02,5426.20,"nope"
1714.30,34.74,106.05,5654.75,"nope"
558.45,35.26,32.69,2525.36,"nope"
13.77,27.07,1.37,60.26,"nope"
9.44,24.95,0.64,46.29,"nope"
7.84,26.14,0.95,42.97,"nope"
6.59,28.46,0.60,36.56,"nope"
2027.58,25.29,173.85,7080.83,"nope"
2191.05,31.46,268.08,7400.59,"nope"
1834.32,23.80,125.54,7417.86,"nope"
2302.13,24.22,468.44,12635.78,"nope"
1092.06,28.63,203.32,3652.33,"nope"
234.02,19.13,10.55,1391.68,"nope"
16.04,18.04,0.29,176.01,"nope"
31.39,15.90,1.79,330.96,"nope"
368.73,27.14,16.93,1207.43,"nope"
728.73,26.12,63.81,3492.45,"nope"
1422.76,23.43,170.71,6985.57,"nope"
1836.48,28.91,232.89,7195.68,"nope"
1995.95,33.95,222.06,8758.12,"nope"
1358.55,30.79,115.10,9646.81,"nope"
1535.67,22.19,7.66,16803.60,"nope"
1589.74,24.21,46.28,4978.10,"nope"
1563.99,26.66,54.86,7871.97,"nope"
1421.24,20.80,92.44,10252.00,"nope"
1114.20,22.16,61.85,6418.60,"nope"
787.63,25.49,77.36,3487.00,"nope"
876.18,21.84,14.09,4117.62,"nope"
492.50,28.10,27.62,2475.40,"nope"
469.21,25.85,30.33,2000.40,"nope"
1492.35,21.75,118.02,8436.70,"nope"
252.53,12.18,2.70,2212.53,"nope"
33.69,15.95,0.14,293.01,"nope"
18.92,17.27,1.13,230.35,"nope"
10.45,25.41,0.91,57.59,"nope"
10.17,22.96,0.41,59.89,"nope"
8.57,25.20,0.67,32.33,"nope"
9.08,24.21,0.81,46.51,"nope"
9.24,25.58,1.04,40.36,"nope"
7.88,29.70,0.62,23.08,"nope"
12.07,21.22,0.94,77.77,"nope"
7.94,30.55,1.50,24.59,"nope"
6.50,28.00,0.80,22.88,"nope"
8.96,26.46,0.53,33.07,"nope"
7.07,26.59,0.72,25.10,"nope"
8.49,24.13,0.78,73.00,"nope"
8.23,29.23,0.82,24.62,"nope"
7.26,28.77,0.71,35.12,"nope"
9.80,30.90,1.46,30.33,"nope"
8.66,31.34,0.70,37.38,"nope"
7.94,27.32,0.57,36.26,"nope"
7.50,29.45,1.91,32.49,"nope"
8.11,27.28,1.43,65.94,"nope"
8.23,24.87,0.76,33.51,"nope"
6.54,28.40,0.28,26.11,"nope"
7.56,27.87,0.43,36.00,"nope"
8.40,23.63,0.78,44.96,"nope"
7.85,29.61,0.39,39.79,"nope"
8.18,26.48,0.21,39.20,"nope"
6.83,27.99,0.75,34.25,"nope"
6.12,28.73,0.62,25.72,"nope"
8.74,27.93,1.63,39.25,"nope"
7.93,28.22,1.20,49.53,"nope"
7.66,29.28,2.45,31.67,"nope"
9.63,24.93,0.34,44.74,"nope"
6.68,26.40,0.85,30.34,"nope"
8.11,26.76,1.73,29.38,"nope"
2427.38,24.08,201.88,10146.37,"nope"
529.22,12.30,7.89,5304.72,"nope"
34.74,14.99,0.58,326.45,"nope"
11.77,21.60,0.75,69.01,"nope"
11.39,22.22,0.85,88.63,"nope"
8.09,23.95,1.64,48.01,"nope"
6.64,24.54,1.19,51.45,"nope"
6.72,26.35,0.73,35.91,"nope"
158.36,14.56,5.09,1577.08,"nope"
335.91,23.22,5.82,1090.68,"nope"
632.15,29.26,32.33,2349.43,"nope"
399.35,24.85,22.43,1928.72,"nope"
927.05,25.51,132.80,5347.48,"nope"
968.41,33.00,37.18,4598.85,"nope"
49.09,29.71,3.60,311.15,"nope"
12.35,18.12,1.61,116.99,"nope"
8.05,23.23,0.51,62.23,"nope"
9.04,23.94,1.14,52.49,"nope"
795.99,31.63,125.65,1909.41,"nope"
1393.95,20.40,97.22,8118.26,"nope"
1593.82,23.04,126.55,12870.74,"nope"
1761.34,21.08,45.91,11153.00,"nope"
1441.96,23.07,106.97,4539.16,"nope"
326.73,28.60,48.24,1858.43,"nope"
179.90,19.87,10.91,907.82,"nope"
1789.73,29.46,382.63,5590.30,"nope"
338.88,20.61,5.30,2136.46,"nope"
1073.84,21.73,90.84,6906.04,"nope"
101.84,14.14,2.87,915.70,"nope"
43.77,12.20,0.94,637.52,"nope"
10.90,21.16,0.88,119.94,"nope"
11.59,25.48,1.32,96.15,"nope"
10.06,25.29,1.58,57.03,"nope"
7.22,28.79,0.72,38.53,"nope"
5.99,27.76,0.26,33.55,"nope"
7.75,23.23,0.37,41.19,"nope"
1786.17,22.67,71.13,8189.83,"nope"
279.62,18.70,13.71,2033.77,"nope"
1745.36,22.97,147.19,7905.85,"nope"
1325.58,21.91,28.95,8979.24,"nope"
143.53,21.23,2.04,855.00,"nope"
17.77,18.39,0.57,165.83,"nope"
10.41,24.85,0.36,65.85,"nope"
8.26,25.39,1.50,31.95,"nope"
284.87,31.92,45.64,512.08,"nope"
1003.78,19.82,73.09,4555.01,"nope"
1559.00,21.01,119.96,8295.38,"nope"
1952.17,24.94,148.75,11612.13,"nope"
1161.67,18.44,51.62,11259.02,"nope"
1522.35,21.62,71.14,7486.21,"nope"
165.79,11.11,2.54,2113.42,"nope"
153.85,20.28,1.84,967.22,"nope"
15.82,18.86,1.83,190.59,"nope"
1665.11,22.10,86.73,5802.17,"nope"
2396.21,25.64,564.19,8751.62,"nope"
71.46,12.94,2.63,938.41,"nope"
22.61,16.81,0.58,246.22,"nope"
14.65,17.60,1.51,181.46,"nope"
57.37,14.39,0.56,439.17,"nope"
24.70,16.52,2.10,164.60,"nope"
441.28,16.48,11.83,4047.80,"nope"
793.94,19.02,36.13,3985.91,"nope"
178.66,14.78,0.45,1450.11,"nope"
357.89,17.96,8.96,3338.81,"nope"
1830.21,27.26,128.41,6281.72,"nope"
889.47,21.77,86.26,5706.11,"nope"
1064.55,19.81,10.93,7795.15,"nope"
214.04,26.60,17.29,706.95,"nope"
534.41,15.06,2.54,4701.11,"nope"
901.69,21.77,54.84,3933.84,"nope"
2225.70,26.70,89.37,7526.59,"nope"
1826.32,27.24,181.23,11999.66,"nope"
578.58,23.92,33.40,2691.25,"nope"
1597.42,25.31,201.23,7304.19,"nope"
836.17,18.26,70.64,7007.08,"nope"
87.11,15.94,2.24,949.11,"nope"
28.83,17.97,0.89,310.62,"nope"
14.15,19.18,1.11,115.98,"nope"
8.54,27.27,0.89,36.56,"nope"
8.33,25.39,0.33,63.14,"nope"
282.60,16.52,10.26,1754.32,"nope"
8.54,24.40,0.21,49.46,"nope"
7.26,27.57,0.59,31.80,"nope"
44.39,20.09,2.61,222.17,"nope"
355.88,26.85,31.22,1734.00,"nope"
30.37,16.11,0.22,206.30,"nope"
121.89,19.03,7.58,867.48,"nope"
12.53,24.83,1.25,75.33,"nope"
704.62,10.09,12.39,6967.42,"nope"
558.55,24.04,12.55,2576.24,"nope"
272.63,17.94,15.60,1537.87,"nope"
458.39,24.03,9.13,1625.76,"nope"
1172.25,21.00,142.65,8289.23,"nope"
1632.18,26.17,285.77,6863.37,"nope"
59.14,15.98,0.50,431.37,"nope"
16.47,20.21,0.52,127.66,"nope"
10.05,21.84,1.12,81.39,"nope"
9.22,27.97,0.78,41.80,"nope"
59.45,29.28,18.99,107.00,"nope"
209.24,21.11,11.91,1112.83,"nope"
138.20,14.10,3.83,1220.48,"nope"
1308.38,19.57,34.06,8594.94,"nope"
1558.40,20.03,147.03,6869.65,"nope"
960.84,16.88,9.41,7075.98,"nope"
1907.83,23.36,174.42,6642.76,"nope"
1045.00,20.78,47.70,5777.33,"nope"
1402.58,19.54,112.34,6990.71,"nope"
60.47,12.43,0.99,524.21,"nope"
18.32,17.62,0.35,184.59,"nope"
12.85,20.98,1.49,130.47,"nope"
9.73,21.97,1.22,70.05,"nope"
8.43,24.83,1.77,44.39,"nope"
7.99,25.78,2.24,41.56,"nope"
15.19,19.17,0.80,92.43,"nope"
9.23,26.12,2.58,29.76,"nope"
33.35,20.20,3.69,169.17,"nope"
12.69,21.06,1.56,74.34,"nope"
111.17,15.37,3.88,1055.09,"nope"
143.85,16.94,8.73,1028.24,"nope"
75.70,21.54,1.55,456.78,"nope"
226.52,18.80,9.27,1859.10,"nope"
17.82,17.01,1.07,149.44,"nope"
117.26,15.57,2.67,1255.74,"nope"
1744.59,22.09,43.44,7851.62,"nope"
1572.49,29.84,87.64,4866.44,"nope"
2001.37,30.53,146.63,18610.22,"nope"
1133.76,26.05,72.49,6142.25,"nope"
97.80,22.93,13.41,540.88,"nope"
48.45,24.52,1.27,328.81,"nope"
389.16,19.06,6.71,3389.94,"nope"
553.74,17.63,29.53,2698.32,"nope"
1422.70,25.67,14.23,5996.01,"nope"
1755.09,24.53,152.92,8502.54,"nope"
1961.78,21.75,193.62,8190.87,"nope"
2032.97,22.67,39.30,8122.86,"nope"
1170.48,22.04,75.03,6386.59,"nope"
1063.20,23.10,43.64,5406.48,"nope"
38.99,14.67,2.09,365.30,"nope"
7.07,27.50,0.60,30.31,"nope"
9.07,28.87,1.92,42.53,"nope"
9.64,25.48,1.02,47.31,"nope"
9.18,28.37,0.76,44.10,"nope"
9.36,26.96,1.03,39.20,"nope"
31.68,10.56,0.58,553.45,"nope"
12.38,26.74,2.24,54.01,"nope"
8.66,24.21,1.30,39.37,"nope"
8.58,24.57,1.47,40.12,"nope"
10.17,28.88,2.62,30.55,"nope"
11.65,21.62,2.41,106.32,"nope"
10.52,25.06,1.42,48.29,"nope"
10.87,25.49,0.94,57.18,"nope"
175.75,16.18,1.56,2202.61,"nope"
922.79,25.98,78.99,3493.76,"nope"
1195.16,28.71,68.04,4249.19,"nope"
677.67,26.98,109.06,1930.90,"nope"
159.55,30.04,14.03,499.28,"nope"
204.42,27.01,7.89,1106.94,"nope"
680.61,18.70,37.28,3862.57,"nope"
255.44,13.23,12.48,1990.22,"nope"
15.58,18.38,0.46,101.93,"nope"
9.61,23.33,1.42,56.26,"nope"
8.99,23.54,0.25,54.20,"nope"
6.94,25.56,0.70,42.99,"nope"
8.68,21.38,0.52,67.80,"nope"
7.98,28.92,1.67,39.73,"nope"
113.28,17.79,5.87,1262.23,"nope"
124.65,18.12,7.39,779.49,"nope"
9.85,27.96,0.77,38.72,"nope"
8.54,24.32,1.14,55.53,"nope"
10.19,25.90,1.85,41.41,"nope"
6.54,29.37,0.94,31.57,"nope"
9.67,27.63,2.18,43.98,"nope"
8.29,27.09,0.55,33.38,"nope"
8.10,25.82,0.19,57.54,"nope"
10.59,27.50,0.47,74.10,"nope"
8.02,27.78,1.56,43.51,"nope"
11.75,21.56,1.78,93.89,"nope"
7.81,26.51,0.78,40.97,"nope"
8.44,27.61,0.32,32.79,"nope"
8.27,30.00,0.37,42.25,"nope"
10.55,24.67,1.35,80.53,"nope"
44.08,18.53,1.81,365.87,"nope"
10.12,22.14,0.18,119.24,"nope"
97.18,19.82,6.34,654.91,"nope"
114.13,11.53,2.78,2109.46,"nope"
51.75,15.57,1.31,843.42,"nope"
13.60,31.16,1.15,48.11,"nope"
9.68,27.83,0.53,57.29,"nope"
7.07,28.15,1.56,23.84,"nope"
8.47,25.54,0.33,31.36,"nope"
8.06,27.28,0.43,44.64,"nope"
6.66,27.13,1.28,30.10,"nope"
7.11,28.17,2.03,28.63,"nope"
7.61,27.64,0.64,39.25,"nope"
8.00,25.69,0.62,25.87,"nope"
7.34,26.95,0.53,34.49,"nope"
8.20,25.32,0.32,37.31,"nope"
8.03,27.64,1.20,31.89,"nope"
8.34,24.82,0.93,51.21,"nope"
9.47,24.80,2.40,37.71,"nope"
8.31,26.32,0.88,34.89,"nope"
11.30,22.70,0.57,41.25,"nope"
8.49,25.79,1.46,43.60,"nope"
7.29,27.82,1.09,23.91,"nope"
8.07,26.73,0.84,52.70,"nope"
7.75,26.79,0.44,34.73,"nope"
6.68,26.25,0.67,26.17,"nope"
13.41,28.78,2.46,59.87,"nope"
8.05,25.38,0.29,32.89,"nope"
6.48,28.18,0.93,22.47,"nope"
300.52,11.25,3.23,2484.58,"blow"
1654.36,16.85,45.43,14903.89,"blow"
1971.21,18.85,162.15,13182.95,"blow"
2102.46,22.35,205.49,9619.37,"blow"
1989.28,17.99,34.33,13379.76,"blow"
2330.83,21.87,97.22,8550.92,"blow"
2282.09,21.84,179.26,11094.63,"blow"
2223.69,21.50,319.96,9080.46,"blow"
2453.27,21.48,285.69,9507.64,"blow"
2512.71,23.09,325.34,10343.19,"blow"
2329.62,21.57,134.46,10457.50,"blow"
2320.02,22.20,203.79,10061.98,"blow"
2280.35,23.18,159.38,6745.40,"blow"
6.76,28.93,0.54,41.33,"nope"
8.78,24.41,0.98,40.16,"nope"
8.66,30.54,2.58,24.97,"nope"
7.36,27.26,0.80,32.78,"nope"
8.52,26.87,0.48,37.59,"nope"
6.82,27.21,0.92,22.56,"nope"
7.88,26.13,2.10,28.10,"nope"
7.22,29.28,1.34,26.28,"nope"
5.72,29.59,0.28,25.65,"nope"
7.97,24.19,0.93,37.65,"nope"
7.44,28.72,0.35,31.09,"nope"
9.23,25.01,1.08,49.41,"nope"
10.89,24.87,1.07,58.73,"nope"
7.87,27.94,1.23,32.75,"nope"
8.09,29.16,0.96,45.83,"nope"
9.33,22.18,0.44,57.41,"nope"
8.04,26.02,0.80,58.66,"nope"
8.02,29.61,0.94,36.78,"nope"
9.63,28.76,2.52,43.08,"nope"
8.50,25.94,0.71,50.06,"nope"
8.69,30.82,1.13,35.70,"nope"
10.33,25.39,0.81,46.54,"nope"
1142.16,15.91,33.35,9323.42,"blow"
1163.99,16.34,23.53,5693.70,"blow"
1305.93,14.15,25.82,8995.62,"blow"
1522.76,15.94,67.85,11523.89,"blow"
1294.87,13.65,60.35,8466.14,"blow"
1253.67,16.35,55.22,9155.67,"blow"
1137.95,15.06,20.78,13420.55,"blow"
1445.62,14.88,12.93,9128.62,"blow"
1167.27,14.30,9.38,12089.74,"blow"
944.67,15.44,74.13,8553.19,"blow"
1036.79,14.94,9.79,8439.32,"blow"
1229.04,13.82,87.87,12143.16,"blow"
1355.70,13.47,45.08,13582.29,"blow"
1267.39,13.50,39.33,11538.00,"blow"
954.99,13.36,18.65,10444.60,"blow"
839.88,12.60,4.61,6883.97,"blow"
1178.26,12.19,32.74,11679.56,"blow"
706.74,12.97,26.46,7436.15,"blow"
1067.51,10.90,33.77,15411.86,"blow"
1346.29,12.95,17.76,10922.97,"blow"
927.86,13.18,10.83,7554.75,"blow"
1320.99,13.94,28.53,8392.39,"blow"
1400.45,16.96,113.92,7945.28,"blow"
1315.24,16.65,42.45,11359.92,"blow"
1237.06,13.52,28.91,8050.22,"blow"
7.13,27.72,0.68,25.21,"nope"
8.23,29.45,1.59,32.16,"nope"
7.81,29.17,1.20,35.82,"nope"
7.94,23.33,0.82,73.47,"nope"
7.54,26.14,0.27,26.79,"nope"
10.32,22.67,1.21,88.02,"nope"
7.23,28.85,0.91,35.72,"nope"
6.46,27.06,0.57,25.01,"nope"
8.64,26.15,0.28,30.48,"nope"
7.56,26.66,0.46,33.26,"nope"
6.77,26.74,0.57,44.18,"nope"
6.62,26.22,0.53,24.51,"nope"
7.42,28.27,1.57,25.63,"nope"
8.46,28.93,1.82,38.41,"nope"
7.46,26.98,2.23,28.27,"nope"
9.64,25.83,2.34,40.41,"nope"
8.40,27.80,1.72,29.39,"nope"
7.51,22.70,1.09,59.83,"nope"
7.18,28.40,1.55,32.83,"nope"
7.90,23.62,1.24,55.65,"nope"
8.00,27.94,1.48,42.36,"nope"
7.99,29.34,1.02,30.14,"nope"
6.98,26.66,0.48,45.64,"nope"
8.02,28.75,1.69,26.62,"nope"
6.95,26.94,1.51,45.34,"nope"
6.64,28.76,0.41,28.55,"nope"
8.63,28.28,0.71,67.58,"nope"
7.54,29.39,0.38,24.75,"nope"
10.98,28.85,1.59,38.94,"nope"
1568.29,16.68,56.62,11437.78,"blow"
1226.33,15.95,53.27,9311.96,"blow"
1489.62,17.00,42.04,16329.77,"blow"
1330.70,16.91,65.33,11271.86,"blow"
1826.19,17.89,23.36,10701.97,"blow"
1542.97,16.83,62.75,9570.17,"blow"
1622.82,17.92,171.53,13214.67,"blow"
1528.73,17.23,55.33,12359.23,"blow"
1531.77,14.37,59.89,11397.47,"blow"
1425.40,16.28,79.90,7731.24,"blow"
1378.08,15.03,27.41,7233.95,"blow"
1633.10,16.89,21.42,9963.91,"blow"
1438.13,15.64,53.89,10159.24,"blow"
1399.27,12.97,70.11,15817.34,"blow"
1165.23,15.94,31.87,9357.21,"blow"
1362.64,14.67,105.74,11669.06,"blow"
1331.38,13.40,58.02,15486.45,"blow"
1594.32,17.44,99.18,7802.33,"blow"
9.88,26.55,2.35,70.86,"nope"
6.63,24.36,0.84,33.90,"nope"
6.84,29.10,0.27,30.51,"nope"
6.37,27.40,0.65,27.07,"nope"
8.76,24.15,1.48,58.27,"nope"
771.74,10.20,10.77,11004.90,"blow"
892.62,11.15,24.12,9656.36,"blow"
1378.38,14.22,65.93,10172.83,"blow"
1043.37,16.39,88.42,6188.08,"blow"
1206.59,14.50,19.75,9530.47,"blow"
981.33,12.98,29.31,9655.23,"blow"
1496.04,15.85,74.20,11131.67,"blow"
1338.89,16.25,22.96,14306.36,"blow"
1439.87,15.35,69.10,12559.35,"blow"
1137.02,13.81,32.41,17432.09,"blow"
1137.12,12.41,41.99,15571.94,"blow"
1036.88,15.58,25.59,6983.37,"blow"
1146.25,13.40,24.00,12026.34,"blow"
1279.68,14.54,26.91,7903.58,"blow"
1367.10,15.20,56.27,14571.06,"blow"
1275.74,17.22,79.71,6145.14,"blow"
1470.77,14.56,56.12,9711.48,"blow"
1349.04,12.69,29.39,12216.32,"blow"
7.37,28.00,1.72,65.64,"nope"
7.95,24.03,0.35,64.37,"nope"
7.96,30.16,0.92,38.82,"nope"
7.82,28.19,1.70,25.39,"nope"
7.28,29.92,0.82,34.96,"nope"
7.48,28.09,1.08,27.87,"nope"
8.23,25.30,0.93,44.84,"nope"
6.38,27.80,0.72,26.23,"nope"
6.88,28.15,0.70,41.47,"nope"
9.42,25.19,1.62,30.82,"nope"
6.87,26.18,0.93,46.32,"nope"
7.88,25.59,1.43,42.03,"nope"
7.53,31.43,0.32,22.69,"nope"
7.40,28.17,0.95,28.79,"nope"
428.08,11.23,16.13,4580.50,"blow"
951.53,11.68,30.34,15165.00,"blow"
1188.42,12.28,21.09,10593.61,"blow"
1395.00,14.64,30.91,10001.64,"blow"
1632.31,17.05,10.47,11600.90,"blow"
1259.16,17.65,7.84,7046.97,"blow"
1389.36,13.67,40.82,17206.16,"blow"
1399.30,14.22,21.62,13974.08,"blow"
1433.18,13.19,53.58,11893.24,"blow"
1586.18,15.83,117.04,10439.54,"blow"
1641.00,14.19,78.31,12550.76,"blow"
1160.01,17.95,104.19,10530.49,"blow"
1212.36,17.33,45.94,7206.72,"blow"
1385.45,15.77,51.22,8699.24,"blow"
1219.55,16.30,47.45,9363.71,"blow"
1467.05,14.67,18.11,9640.18,"blow"
922.96,16.13,59.07,7071.21,"blow"
1230.30,16.46,79.68,12219.60,"blow"
1371.53,15.64,44.12,8377.40,"blow"
1026.74,15.03,50.75,7296.85,"blow"
1381.78,15.51,86.04,13867.30,"blow"
1493.38,13.89,12.56,10339.23,"blow"
1357.56,14.80,25.64,8710.72,"blow"
1385.84,15.28,84.52,6841.65,"blow"
1433.50,14.17,46.27,12040.91,"blow"
1157.25,14.59,40.61,11809.30,"blow"
1270.72,12.36,25.16,11095.68,"blow"
1130.56,13.90,19.20,8316.55,"blow"
1241.23,13.55,43.81,10349.59,"blow"
1059.53,11.15,21.43,9556.41,"blow"
6.76,25.67,0.20,39.64,"nope"
6.94,29.88,0.92,27.04,"nope"
6.90,27.82,1.08,33.48,"nope"
8.50,27.49,1.37,49.52,"nope"
7.68,27.21,0.88,42.56,"nope"
7.10,27.01,0.49,36.73,"nope"
6.42,28.44,0.79,33.42,"nope"
6.95,27.39,1.09,27.54,"nope"
7.52,27.74,1.17,41.11,"nope"
6.71,25.43,0.64,53.67,"nope"
6.66,29.99,1.02,26.44,"nope"
6.67,28.45,1.02,34.64,"nope"
7.45,28.14,0.99,43.48,"nope"
7.42,26.44,0.55,40.04,"nope"
6.84,29.76,0.51,29.10,"nope"
7.41,28.46,0.43,31.29,"nope"
7.43,28.37,1.12,26.22,"nope"
6.61,29.00,0.51,44.01,"nope"
8.18,25.38,0.31,34.43,"nope"
8.21,27.93,1.53,53.58,"nope"
8.95,26.42,1.86,31.06,"nope"
562.77,9.88,9.52,7055.78,"blow"
610.37,12.38,26.67,5626.64,"blow"
825.78,12.95,18.60,10533.68,"blow"
924.72,11.58,21.64,10054.94,"blow"
761.50,14.96,29.80,4332.16,"blow"
747.32,10.94,10.40,8995.41,"blow"
559.34,12.76,6.28,6222.77,"blow"
1014.10,13.81,55.20,8659.07,"blow"
823.66,13.51,26.70,5559.08,"blow"
1041.37,13.92,18.53,10180.33,"blow"
1439.16,14.39,30.01,14150.88,"blow"
1046.99,13.63,15.93,8143.48,"blow"
839.54,13.84,18.64,5008.31,"blow"
822.93,11.24,31.14,11411.79,"blow"
830.59,13.44,5.75,6703.30,"blow"
1039.11,12.70,21.60,15323.91,"blow"
1144.73,13.87,37.15,8893.72,"blow"
961.43,12.41,24.66,9742.91,"blow"
1048.44,14.69,35.65,11403.32,"blow"
1352.83,12.99,33.35,12001.75,"blow"
879.25,13.27,13.46,11701.76,"blow"
1021.21,12.46,29.83,11020.04,"blow"
1176.93,12.35,52.76,14834.04,"blow"
1240.21,14.02,26.65,11400.53,"blow"
1236.32,13.11,37.85,10169.15,"blow"
912.17,12.03,37.77,7755.36,"blow"
1287.51,13.34,21.78,12561.23,"blow"
1248.52,11.19,17.58,13659.30,"blow"
1138.31,15.68,55.41,8958.06,"blow"
863.75,11.80,6.08,9606.56,"blow"
900.84,13.91,7.86,6231.85,"blow"
1429.48,14.72,87.62,11670.18,"blow"
772.67,13.87,31.10,8602.94,"blow"
839.16,15.54,16.86,6620.78,"blow"
1436.53,12.61,58.38,18236.33,"blow"
1297.60,13.39,37.38,10288.00,"blow"
927.03,11.92,53.44,15719.45,"blow"
651.38,11.56,14.44,6307.19,"blow"
1132.77,13.74,47.52,11076.36,"blow"
888.21,11.90,17.60,10364.78,"blow"
1348.47,12.62,24.83,12306.48,"blow"
1017.78,13.82,35.04,9301.86,"blow"
1117.99,12.96,11.19,11311.05,"blow"
899.57,14.91,83.46,6351.65,"blow"
1200.28,15.24,55.32,8645.39,"blow"
1294.65,12.82,27.42,16016.25,"blow"
1302.10,11.80,48.75,11221.44,"blow"
7.07,28.23,0.34,35.28,"nope"
6.60,28.02,0.30,43.19,"nope"
7.24,27.66,0.44,30.56,"nope"
7.43,29.62,0.88,41.42,"nope"
1556.47,14.89,69.15,11752.16,"blow"
1285.00,16.08,33.52,11192.73,"blow"
1999.76,18.77,70.30,10878.23,"blow"
1612.03,16.59,97.73,10661.71,"blow"
8.53,23.97,1.26,53.82,"nope"
6.10,26.93,0.88,33.09,"nope"
6.77,28.52,0.79,21.62,"nope"
9.95,24.15,0.57,64.59,"nope"
8.15,25.05,0.78,42.43,"nope"
6.61,25.43,0.25,28.80,"nope"
8.71,28.83,1.06,26.87,"nope"
6.69,29.29,0.44,24.11,"nope"
6.37,26.25,1.19,33.98,"nope"
7.95,26.27,1.33,31.44,"nope"
7.46,27.29,0.73,30.74,"nope"
8.05,29.10,1.31,47.65,"nope"
8.10,27.75,1.51,25.16,"nope"
5.35,30.70,0.67,15.64,"nope"
1039.56,14.58,79.91,7349.14,"blow"
1572.75,14.80,128.11,15990.82,"blow"
2018.18,19.91,215.24,12198.62,"blow"
1722.65,17.03,46.15,10942.17,"blow"
1615.12,16.79,59.17,9859.17,"blow"
1817.11,16.58,71.32,10948.12,"blow"
1711.42,16.22,83.80,12943.03,"blow"
1990.86,20.60,297.86,10802.90,"blow"
1865.14,17.81,124.51,8659.53,"blow"
1789.37,21.87,83.01,7856.79,"blow"
2033.89,18.74,148.78,12618.22,"blow"
1740.73,17.91,68.76,13433.36,"blow"
1848.69,20.19,136.41,11553.58,"blow"
1651.78,16.31,90.63,9868.06,"blow"
2188.09,19.38,167.68,10728.26,"blow"
1721.06,19.71,69.42,15956.36,"blow"
2032.64,17.78,236.92,13106.08,"blow"
1816.52,16.89,146.41,15734.69,"blow"
2057.41,19.32,104.57,10407.73,"blow"
1968.07,19.15,91.76,16799.01,"blow"
2011.21,18.40,127.62,12833.25,"blow"
2079.42,19.90,87.48,14435.85,"blow"
1352.80,15.57,96.30,9901.31,"blow"
1663.50,17.22,24.83,15193.93,"blow"
9.18,22.64,0.96,72.52,"nope"
12.32,21.30,1.25,86.07,"nope"
7.95,25.91,0.82,54.15,"nope"
33.02,19.75,0.88,245.58,"nope"
21.64,18.30,1.19,190.25,"nope"
8.04,28.14,0.86,31.03,"nope"
14.14,18.68,0.41,130.72,"nope"
57.02,20.18,1.88,191.94,"nope"
24.05,22.07,0.33,147.69,"nope"
865.22,20.45,256.79,5544.14,"nope"
290.28,12.89,9.88,6814.65,"nope"
30.13,13.84,0.87,700.63,"nope"
29.70,17.38,0.71,444.82,"nope"
13.19,19.20,2.32,225.02,"nope"
9.42,24.70,0.97,96.21,"nope"
7.82,25.42,0.65,47.01,"nope"
673.59,30.61,138.46,2024.30,"nope"
454.10,31.21,82.52,1907.68,"nope"
10.25,26.35,1.14,75.86,"nope"
8.74,25.27,2.09,51.32,"nope"
14.22,17.88,0.99,133.60,"nope"
12.71,23.27,0.77,88.27,"nope"
8.45,23.39,1.23,52.51,"nope"
9.25,26.87,1.66,39.13,"nope"
7.34,25.22,0.23,37.74,"nope"
